_id,date,agegroup,cases_unvac_rate_per100K,cases_partial_vac_rate_per100K,cases_notfull_vac_rate_per100K,cases_full_vac_rate_per100K,cases_boost_vac_rate_per100K,cases_unvac_rate_7ma,cases_partial_vac_rate_7ma,cases_notfull_vac_rate_7ma,cases_full_vac_rate_7ma,cases_boost_vac_rate_7ma
1,2021-09-13T00:00:00,0-11yrs,6.24,0.00,,0.00,,,,,,
2,2021-09-13T00:00:00,12-17yrs,13.11,1.92,,0.80,,,,,,
3,2021-09-13T00:00:00,18-39yrs,13.51,6.70,,2.00,,,,,,
4,2021-09-13T00:00:00,40-59yrs,10.91,6.04,,1.41,,,,,,
5,2021-09-13T00:00:00,60-79yrs,9.62,0.00,,0.49,,,,,,
6,2021-09-13T00:00:00,80+,13.64,0.00,,0.64,,,,,,
7,2021-09-13T00:00:00,ALL,9.58,5.02,,1.26,,,,,,
8,2021-09-14T00:00:00,0-11yrs,4.80,5.58,,0.00,,,,,,
9,2021-09-14T00:00:00,12-17yrs,17.33,5.86,,0.48,,,,,,
10,2021-09-14T00:00:00,18-39yrs,11.81,6.75,,2.09,,,,,,
11,2021-09-14T00:00:00,40-59yrs,11.26,7.98,,1.24,,,,,,
12,2021-09-14T00:00:00,60-79yrs,7.57,1.17,,0.61,,,,,,
13,2021-09-14T00:00:00,80+,13.76,0.00,,0.80,,,,,,
14,2021-09-14T00:00:00,ALL,8.64,6.21,,1.26,,,,,,
15,2021-09-15T00:00:00,0-11yrs,4.75,0.00,,0.00,,,,,,
16,2021-09-15T00:00:00,12-17yrs,12.90,1.00,,0.47,,,,,,
17,2021-09-15T00:00:00,18-39yrs,13.39,7.50,,2.25,,,,,,
18,2021-09-15T00:00:00,40-59yrs,9.65,4.28,,1.60,,,,,,
19,2021-09-15T00:00:00,60-79yrs,11.01,2.38,,0.65,,,,,,
20,2021-09-15T00:00:00,80+,5.56,0.00,,1.45,,,,,,
21,2021-09-15T00:00:00,ALL,8.65,5.11,,1.46,,,,,,
22,2021-09-16T00:00:00,0-11yrs,7.24,0.00,,0.00,,,,,,
23,2021-09-16T00:00:00,12-17yrs,13.96,7.06,,0.31,,,,,,
24,2021-09-16T00:00:00,18-39yrs,21.77,7.51,,3.59,,,,,,
25,2021-09-16T00:00:00,40-59yrs,15.77,6.69,,1.79,,,,,,
26,2021-09-16T00:00:00,60-79yrs,14.06,3.61,,1.40,,,,,,
27,2021-09-16T00:00:00,80+,16.84,0.00,,0.96,,,,,,
28,2021-09-16T00:00:00,ALL,13.30,6.54,,2.09,,,,,,
29,2021-09-17T00:00:00,0-11yrs,6.58,10.47,,0.00,,,,,,
30,2021-09-17T00:00:00,12-17yrs,17.47,3.05,,1.09,,,,,,
31,2021-09-17T00:00:00,18-39yrs,19.31,8.67,,2.99,,,,,,
32,2021-09-17T00:00:00,40-59yrs,10.85,4.31,,2.34,,,,,,
33,2021-09-17T00:00:00,60-79yrs,13.74,2.43,,1.33,,,,,,
34,2021-09-17T00:00:00,80+,0.00,0.00,,1.28,,,,,,
35,2021-09-17T00:00:00,ALL,11.54,6.19,,2.12,,,,,,
36,2021-09-18T00:00:00,0-11yrs,7.63,10.31,,0.00,,,,,,
37,2021-09-18T00:00:00,12-17yrs,19.63,4.09,,1.09,,,,,,
38,2021-09-18T00:00:00,18-39yrs,19.90,8.69,,3.24,,,,,,
39,2021-09-18T00:00:00,40-59yrs,12.17,7.24,,1.56,,,,,,
40,2021-09-18T00:00:00,60-79yrs,9.95,3.68,,1.48,,,,,,
41,2021-09-18T00:00:00,80+,8.60,0.00,,1.12,,,,,,
42,2021-09-18T00:00:00,ALL,12.34,7.16,,1.99,,,,,,
43,2021-09-19T00:00:00,0-11yrs,8.40,0.00,,0.00,,6.52,3.77,,0.00,
44,2021-09-19T00:00:00,12-17yrs,12.09,5.13,,1.08,,15.21,4.02,,0.76,
45,2021-09-19T00:00:00,18-39yrs,15.16,6.85,,2.19,,16.41,7.52,,2.62,
46,2021-09-19T00:00:00,40-59yrs,11.46,3.40,,1.75,,11.72,5.71,,1.67,
47,2021-09-19T00:00:00,60-79yrs,13.05,3.71,,1.29,,11.29,2.43,,1.04,
48,2021-09-19T00:00:00,80+,11.56,0.00,,2.08,,9.99,-0.00,,1.19,
49,2021-09-19T00:00:00,ALL,11.14,5.19,,1.74,,10.74,5.92,,1.70,
50,2021-09-20T00:00:00,0-11yrs,6.58,5.11,,0.00,,6.57,4.50,,0.00,
51,2021-09-20T00:00:00,12-17yrs,11.19,5.14,,1.08,,14.94,4.48,,0.80,
52,2021-09-20T00:00:00,18-39yrs,11.89,5.92,,2.05,,16.18,7.41,,2.63,
53,2021-09-20T00:00:00,40-59yrs,11.34,3.41,,1.39,,11.79,5.33,,1.67,
54,2021-09-20T00:00:00,60-79yrs,10.04,6.20,,1.13,,11.35,3.31,,1.13,
55,2021-09-20T00:00:00,80+,8.73,0.00,,1.44,,9.29,0.00,,1.30,
56,2021-09-20T00:00:00,ALL,9.19,5.09,,1.51,,10.69,5.93,,1.74,
57,2021-09-21T00:00:00,0-11yrs,5.69,0.00,,0.00,,6.70,3.70,,0.00,
58,2021-09-21T00:00:00,12-17yrs,12.22,4.12,,0.77,,14.21,4.23,,0.84,
59,2021-09-21T00:00:00,18-39yrs,12.73,4.74,,1.82,,16.31,7.13,,2.59,
60,2021-09-21T00:00:00,40-59yrs,9.50,2.44,,1.46,,11.53,4.54,,1.70,
61,2021-09-21T00:00:00,60-79yrs,13.14,4.97,,0.98,,12.14,3.85,,1.18,
62,2021-09-21T00:00:00,80+,8.81,0.00,,1.28,,8.59,0.00,,1.37,
63,2021-09-21T00:00:00,ALL,8.93,3.91,,1.39,,10.73,5.60,,1.76,
64,2021-09-22T00:00:00,0-11yrs,4.70,0.00,,0.00,,6.69,3.70,,0.00,
65,2021-09-22T00:00:00,12-17yrs,10.87,2.06,,0.77,,13.92,4.38,,0.88,
66,2021-09-22T00:00:00,18-39yrs,9.97,3.09,,1.78,,15.82,6.50,,2.52,
67,2021-09-22T00:00:00,40-59yrs,7.52,2.45,,1.07,,11.23,4.28,,1.62,
68,2021-09-22T00:00:00,60-79yrs,9.27,1.25,,1.02,,11.89,3.69,,1.23,
69,2021-09-22T00:00:00,80+,5.95,0.00,,1.76,,8.64,0.00,,1.42,
70,2021-09-22T00:00:00,ALL,7.10,2.50,,1.30,,10.51,5.23,,1.73,
71,2021-09-23T00:00:00,0-11yrs,7.57,0.00,,0.00,,6.74,3.70,,0.00,
72,2021-09-23T00:00:00,12-17yrs,18.45,2.07,,0.31,,14.56,3.67,,0.88,
73,2021-09-23T00:00:00,18-39yrs,14.80,5.46,,1.78,,14.82,6.20,,2.26,
74,2021-09-23T00:00:00,40-59yrs,12.31,4.94,,1.71,,10.74,4.03,,1.61,
75,2021-09-23T00:00:00,60-79yrs,11.57,5.05,,1.21,,11.54,3.90,,1.21,
76,2021-09-23T00:00:00,80+,24.08,10.04,,0.96,,9.68,1.43,,1.42,
77,2021-09-23T00:00:00,ALL,11.12,4.89,,1.46,,10.19,4.99,,1.64,
78,2021-09-24T00:00:00,0-11yrs,7.36,0.00,,0.00,,6.85,2.20,,0.00,
79,2021-09-24T00:00:00,12-17yrs,22.05,7.22,,1.22,,15.21,4.26,,0.90,
80,2021-09-24T00:00:00,18-39yrs,15.31,6.43,,2.19,,14.25,5.88,,2.15,
81,2021-09-24T00:00:00,40-59yrs,14.81,10.94,,1.93,,11.30,4.97,,1.55,
82,2021-09-24T00:00:00,60-79yrs,14.92,0.00,,0.87,,11.71,3.55,,1.14,
83,2021-09-24T00:00:00,80+,63.69,0.00,,1.76,,18.77,1.43,,1.49,
84,2021-09-24T00:00:00,ALL,11.93,6.71,,1.67,,10.25,5.06,,1.58,
85,2021-09-25T00:00:00,0-11yrs,6.06,5.48,,0.00,,6.62,1.51,,-0.00,
86,2021-09-25T00:00:00,12-17yrs,15.00,3.12,,1.06,,14.55,4.12,,0.90,
87,2021-09-25T00:00:00,18-39yrs,14.54,6.95,,1.83,,13.49,5.63,,1.95,
88,2021-09-25T00:00:00,40-59yrs,12.17,5.02,,1.73,,11.30,4.66,,1.58,
89,2021-09-25T00:00:00,60-79yrs,9.05,3.86,,1.13,,11.58,3.58,,1.09,
90,2021-09-25T00:00:00,80+,22.08,0.00,,1.12,,20.70,1.43,,1.49,
91,2021-09-25T00:00:00,ALL,9.92,5.56,,1.52,,9.90,4.84,,1.51,
92,2021-09-26T00:00:00,0-11yrs,7.30,5.68,,0.00,,6.47,2.32,,-0.00,
93,2021-09-26T00:00:00,12-17yrs,14.63,2.10,,1.36,,14.92,3.69,,0.94,
94,2021-09-26T00:00:00,18-39yrs,15.35,6.03,,2.17,,13.51,5.52,,1.95,
95,2021-09-26T00:00:00,40-59yrs,10.34,4.55,,1.60,,11.14,4.82,,1.56,
96,2021-09-26T00:00:00,60-79yrs,14.58,2.59,,0.79,,11.80,3.42,,1.02,
97,2021-09-26T00:00:00,80+,45.57,0.00,,0.96,,25.56,1.43,,1.33,
98,2021-09-26T00:00:00,ALL,10.71,4.74,,1.51,,9.84,4.77,,1.48,
99,2021-09-27T00:00:00,0-11yrs,7.02,0.00,,0.00,,6.53,1.59,,-0.00,
100,2021-09-27T00:00:00,12-17yrs,13.21,4.19,,0.91,,15.20,3.55,,0.91,
101,2021-09-27T00:00:00,18-39yrs,12.53,4.60,,2.07,,13.60,5.33,,1.95,
102,2021-09-27T00:00:00,40-59yrs,8.64,3.55,,1.57,,10.76,4.84,,1.58,
103,2021-09-27T00:00:00,60-79yrs,14.65,6.50,,1.09,,12.45,3.46,,1.01,
104,2021-09-27T00:00:00,80+,23.39,0.00,,1.59,,27.65,1.43,,1.35,
105,2021-09-27T00:00:00,ALL,9.43,4.27,,1.56,,9.88,4.65,,1.49,
106,2021-09-28T00:00:00,0-11yrs,4.15,5.87,,0.00,,6.31,2.43,,-0.00,
107,2021-09-28T00:00:00,12-17yrs,11.32,3.14,,1.21,,15.08,3.41,,0.98,
108,2021-09-28T00:00:00,18-39yrs,10.24,3.64,,1.56,,13.25,5.17,,1.91,
109,2021-09-28T00:00:00,40-59yrs,9.72,4.08,,1.38,,10.79,5.08,,1.57,
110,2021-09-28T00:00:00,60-79yrs,14.17,0.00,,0.49,,12.60,2.75,,0.94,
111,2021-09-28T00:00:00,80+,24.26,5.13,,0.96,,29.86,2.17,,1.30,
112,2021-09-28T00:00:00,ALL,7.49,3.31,,1.16,,9.67,4.57,,1.45,
113,2021-09-29T00:00:00,0-11yrs,4.32,12.00,,0.00,,6.25,4.15,,-0.00,
114,2021-09-29T00:00:00,12-17yrs,10.93,7.34,,0.60,,15.08,4.17,,0.95,
115,2021-09-29T00:00:00,18-39yrs,11.90,3.66,,1.27,,13.52,5.25,,1.84,
116,2021-09-29T00:00:00,40-59yrs,11.89,4.63,,1.60,,11.41,5.39,,1.65,
117,2021-09-29T00:00:00,60-79yrs,11.82,3.96,,0.68,,12.97,3.14,,0.89,
118,2021-09-29T00:00:00,80+,25.41,0.00,,0.48,,32.64,2.17,,1.12,
119,2021-09-29T00:00:00,ALL,8.20,4.44,,1.12,,9.83,4.85,,1.43,
120,2021-09-30T00:00:00,0-11yrs,7.02,0.00,,0.00,,6.18,4.15,,-0.00,
121,2021-09-30T00:00:00,12-17yrs,15.04,5.26,,0.45,,14.60,4.62,,0.97,
122,2021-09-30T00:00:00,18-39yrs,13.90,4.90,,1.93,,13.40,5.17,,1.86,
123,2021-09-30T00:00:00,40-59yrs,15.50,6.73,,1.66,,11.87,5.64,,1.64,
124,2021-09-30T00:00:00,60-79yrs,18.87,1.33,,1.09,,14.01,2.61,,0.88,
125,2021-09-30T00:00:00,80+,26.61,0.00,,0.95,,33.00,0.73,,1.12,
126,2021-09-30T00:00:00,ALL,11.11,4.84,,1.47,,9.83,4.84,,1.43,
127,2021-10-01T00:00:00,0-11yrs,6.12,0.00,,0.00,,6.00,4.15,,-0.00,
128,2021-10-01T00:00:00,12-17yrs,10.61,3.17,,1.05,,12.96,4.05,,0.95,
129,2021-10-01T00:00:00,18-39yrs,15.72,5.67,,1.80,,13.45,5.06,,1.80,
130,2021-10-01T00:00:00,40-59yrs,15.60,4.69,,1.78,,11.98,4.75,,1.62,
131,2021-10-01T00:00:00,60-79yrs,15.87,4.03,,1.42,,14.14,3.18,,0.96,
132,2021-10-01T00:00:00,80+,41.92,5.19,,1.27,,29.89,1.47,,1.05,
133,2021-10-01T00:00:00,ALL,10.79,4.87,,1.61,,9.66,4.58,,1.42,
134,2021-10-02T00:00:00,0-11yrs,7.58,0.00,,0.00,,6.22,3.36,,-0.00,
135,2021-10-02T00:00:00,12-17yrs,17.32,7.50,,0.74,,13.29,4.67,,0.90,
136,2021-10-02T00:00:00,18-39yrs,15.21,7.46,,2.42,,13.55,5.14,,1.89,
137,2021-10-02T00:00:00,40-59yrs,12.14,1.58,,2.00,,11.98,4.26,,1.66,
138,2021-10-02T00:00:00,60-79yrs,12.18,5.43,,1.46,,14.59,3.41,,1.00,
139,2021-10-02T00:00:00,80+,44.07,0.00,,2.22,,33.03,1.47,,1.20,
140,2021-10-02T00:00:00,ALL,11.03,5.55,,1.92,,9.82,4.57,,1.48,
141,2021-10-03T00:00:00,0-11yrs,5.33,0.00,,0.00,,5.93,2.55,,-0.00,
142,2021-10-03T00:00:00,12-17yrs,10.26,8.69,,0.74,,12.67,5.61,,0.81,
143,2021-10-03T00:00:00,18-39yrs,10.24,4.26,,1.91,,12.82,4.88,,1.85,
144,2021-10-03T00:00:00,40-59yrs,11.48,6.37,,2.03,,12.14,4.52,,1.72,
145,2021-10-03T00:00:00,60-79yrs,10.97,1.37,,1.24,,14.08,3.23,,1.07,
146,2021-10-03T00:00:00,80+,76.76,0.00,,1.59,,37.49,1.47,,1.29,
147,2021-10-03T00:00:00,ALL,8.17,4.84,,1.68,,9.46,4.59,,1.50,
148,2021-10-04T00:00:00,0-11yrs,5.61,0.00,,0.00,,5.73,2.55,,-0.00,
149,2021-10-04T00:00:00,12-17yrs,9.26,2.19,,0.74,,12.11,5.33,,0.79,
150,2021-10-04T00:00:00,18-39yrs,10.17,3.02,,1.53,,12.48,4.66,,1.77,
151,2021-10-04T00:00:00,40-59yrs,12.04,3.73,,1.36,,12.62,4.54,,1.69,
152,2021-10-04T00:00:00,60-79yrs,15.56,0.00,,1.16,,14.21,2.30,,1.08,
153,2021-10-04T00:00:00,80+,111.6,0.00,,1.74,,50.09,1.47,,1.32,
154,2021-10-04T00:00:00,ALL,8.57,2.69,,1.34,,9.34,4.36,,1.47,
155,2021-10-05T00:00:00,0-11yrs,4.71,0.00,,0.00,,5.81,1.71,,-0.00,
156,2021-10-05T00:00:00,12-17yrs,10.35,3.29,,1.48,,11.97,5.35,,0.83,
157,2021-10-05T00:00:00,18-39yrs,7.52,4.05,,1.84,,12.09,4.72,,1.81,
158,2021-10-05T00:00:00,40-59yrs,7.23,4.30,,1.14,,12.27,4.58,,1.65,
159,2021-10-05T00:00:00,60-79yrs,10.47,0.00,,0.67,,13.68,2.30,,1.10,
160,2021-10-05T00:00:00,80+,66.97,0.00,,0.79,,56.19,0.74,,1.29,
161,2021-10-05T00:00:00,ALL,6.46,3.48,,1.24,,9.19,4.39,,1.48,
162,2021-10-06T00:00:00,0-11yrs,4.55,0.00,,0.00,,5.85,0.00,,-0.00,
163,2021-10-06T00:00:00,12-17yrs,14.09,0.00,,0.29,,12.42,4.30,,0.78,
164,2021-10-06T00:00:00,18-39yrs,10.36,1.28,,1.30,,11.87,4.38,,1.82,
165,2021-10-06T00:00:00,40-59yrs,11.29,3.80,,1.90,,12.18,4.46,,1.70,
166,2021-10-06T00:00:00,60-79yrs,19.19,1.40,,1.34,,14.73,1.94,,1.20,
167,2021-10-06T00:00:00,80+,17.73,0.00,,0.16,,55.09,0.74,,1.25,
168,2021-10-06T00:00:00,ALL,8.20,1.69,,1.36,,9.19,3.99,,1.52,
169,2021-10-07T00:00:00,0-11yrs,6.12,0.00,,0.00,,5.72,0.00,,0.00,
170,2021-10-07T00:00:00,12-17yrs,16.32,5.58,,0.44,,12.60,4.35,,0.78,
171,2021-10-07T00:00:00,18-39yrs,12.37,3.37,,2.01,,11.66,4.16,,1.83,
172,2021-10-07T00:00:00,40-59yrs,11.75,2.75,,1.70,,11.65,3.89,,1.70,
173,2021-10-07T00:00:00,60-79yrs,22.77,2.82,,1.31,,15.29,2.15,,1.23,
174,2021-10-07T00:00:00,80+,0.00,10.61,,1.11,,51.29,2.26,,1.27,
175,2021-10-07T00:00:00,ALL,9.78,3.56,,1.58,,9.00,3.81,,1.53,
176,2021-10-08T00:00:00,0-11yrs,5.16,9.47,,0.00,,5.58,1.35,,0.00,
177,2021-10-08T00:00:00,12-17yrs,11.16,3.39,,1.17,,12.68,4.38,,0.80,
178,2021-10-08T00:00:00,18-39yrs,10.14,5.00,,2.18,,10.86,4.06,,1.88,
179,2021-10-08T00:00:00,40-59yrs,10.36,4.45,,2.02,,10.90,3.85,,1.74,
180,2021-10-08T00:00:00,60-79yrs,25.72,2.85,,1.60,,16.69,1.98,,1.25,
181,2021-10-08T00:00:00,80+,61.19,0.00,,0.95,,54.05,1.52,,1.22,
182,2021-10-08T00:00:00,ALL,8.45,4.41,,1.84,,8.67,3.75,,1.57,
183,2021-10-09T00:00:00,0-11yrs,7.24,0.00,,0.00,,5.53,1.35,,0.00,
184,2021-10-09T00:00:00,12-17yrs,20.39,2.32,,0.44,,13.12,3.64,,0.76,
185,2021-10-09T00:00:00,18-39yrs,14.46,4.29,,2.69,,10.75,3.61,,1.92,
186,2021-10-09T00:00:00,40-59yrs,10.07,5.66,,1.89,,10.60,4.44,,1.72,
187,2021-10-09T00:00:00,60-79yrs,21.20,2.89,,1.19,,17.98,1.62,,1.22,
188,2021-10-09T00:00:00,80+,131.8,5.37,,1.11,,66.58,2.28,,1.06,
189,2021-10-09T00:00:00,ALL,10.90,4.09,,1.82,,8.65,3.54,,1.55,
190,2021-10-10T00:00:00,0-11yrs,5.05,10.98,,0.00,,5.49,2.92,,0.00,
191,2021-10-10T00:00:00,12-17yrs,24.38,2.37,,1.16,,15.14,2.73,,0.82,
192,2021-10-10T00:00:00,18-39yrs,10.68,5.45,,1.49,,10.81,3.78,,1.86,
193,2021-10-10T00:00:00,40-59yrs,12.57,3.44,,1.73,,10.76,4.02,,1.68,
194,2021-10-10T00:00:00,60-79yrs,14.48,0.00,,1.12,,18.48,1.42,,1.20,
195,2021-10-10T00:00:00,80+,70.24,0.00,,0.79,,65.65,2.28,,0.95,
196,2021-10-10T00:00:00,ALL,9.06,4.01,,1.40,,8.77,3.42,,1.51,
197,2021-10-11T00:00:00,0-11yrs,4.32,0.00,,0.00,,5.31,2.92,,0.00,
198,2021-10-11T00:00:00,12-17yrs,14.14,3.58,,0.43,,15.83,2.93,,0.77,
199,2021-10-11T00:00:00,18-39yrs,7.73,3.57,,1.25,,10.47,3.86,,1.82,
200,2021-10-11T00:00:00,40-59yrs,14.30,1.73,,1.32,,11.08,3.73,,1.67,
201,2021-10-11T00:00:00,60-79yrs,19.41,2.92,,1.30,,19.03,1.84,,1.22,
202,2021-10-11T00:00:00,80+,124.6,0.00,,0.63,,67.50,2.28,,0.79,
203,2021-10-11T00:00:00,ALL,7.94,2.93,,1.19,,8.68,3.45,,1.49,
204,2021-10-12T00:00:00,0-11yrs,4.26,0.00,,0.00,,5.24,2.92,,0.00,
205,2021-10-12T00:00:00,12-17yrs,10.40,2.40,,0.14,,15.84,2.81,,0.58,
206,2021-10-12T00:00:00,18-39yrs,6.85,1.94,,1.27,,10.37,3.56,,1.74,
207,2021-10-12T00:00:00,40-59yrs,7.94,2.90,,1.38,,11.18,3.53,,1.71,
208,2021-10-12T00:00:00,60-79yrs,11.88,1.47,,1.26,,19.24,2.05,,1.30,
209,2021-10-12T00:00:00,80+,53.62,0.00,,1.42,,65.60,2.28,,0.88,
210,2021-10-12T00:00:00,ALL,6.14,2.11,,1.24,,8.64,3.26,,1.49,
211,2021-10-13T00:00:00,0-11yrs,3.81,0.00,,0.00,,5.14,2.92,,0.00,
212,2021-10-13T00:00:00,12-17yrs,9.38,3.65,,1.00,,15.17,3.33,,0.68,
213,2021-10-13T00:00:00,18-39yrs,5.74,1.40,,1.12,,9.71,3.57,,1.72,
214,2021-10-13T00:00:00,40-59yrs,5.52,3.52,,1.13,,10.36,3.49,,1.60,
215,2021-10-13T00:00:00,60-79yrs,7.78,0.00,,0.67,,17.61,1.85,,1.21,
216,2021-10-13T00:00:00,80+,89.18,0.00,,0.95,,75.80,2.28,,0.99,
217,2021-10-13T00:00:00,ALL,5.08,1.99,,0.99,,8.19,3.30,,1.44,
218,2021-10-14T00:00:00,0-11yrs,3.31,0.00,,9.09,,4.74,2.92,,1.30,
219,2021-10-14T00:00:00,12-17yrs,10.57,2.47,,0.14,,14.35,2.88,,0.64,
220,2021-10-14T00:00:00,18-39yrs,8.27,1.14,,1.41,,9.12,3.26,,1.63,
221,2021-10-14T00:00:00,40-59yrs,10.15,4.74,,1.47,,10.13,3.78,,1.56,
222,2021-10-14T00:00:00,60-79yrs,15.71,2.99,,1.37,,16.60,1.87,,1.22,
223,2021-10-14T00:00:00,80+,164.6,0.00,,2.05,,99.32,0.77,,1.13,
224,2021-10-14T00:00:00,ALL,6.56,2.30,,1.38,,7.73,3.12,,1.41,
225,2021-10-15T00:00:00,0-11yrs,4.43,0.00,,0.00,,4.63,1.57,,1.30,
226,2021-10-15T00:00:00,12-17yrs,14.00,6.25,,0.85,,14.75,3.29,,0.59,
227,2021-10-15T00:00:00,18-39yrs,11.90,1.73,,2.04,,9.38,2.79,,1.61,
228,2021-10-15T00:00:00,40-59yrs,9.24,4.79,,1.56,,9.97,3.83,,1.50,
229,2021-10-15T00:00:00,60-79yrs,19.45,1.51,,1.08,,15.70,1.68,,1.14,
230,2021-10-15T00:00:00,80+,36.35,0.00,,1.42,,95.77,0.77,,1.20,
231,2021-10-15T00:00:00,ALL,8.09,2.91,,1.53,,7.68,2.91,,1.36,
232,2021-10-16T00:00:00,0-11yrs,4.88,0.00,,0.00,,4.29,1.57,,1.30,
233,2021-10-16T00:00:00,12-17yrs,13.54,5.12,,0.85,,13.77,3.69,,0.65,
234,2021-10-16T00:00:00,18-39yrs,10.31,2.05,,1.91,,8.78,2.47,,1.50,
235,2021-10-16T00:00:00,40-59yrs,10.85,5.48,,1.74,,10.08,3.80,,1.48,
236,2021-10-16T00:00:00,60-79yrs,17.46,3.04,,1.15,,15.17,1.70,,1.14,
237,2021-10-16T00:00:00,80+,207.3,0.00,,0.00,,106.6,0.00,,1.04,
238,2021-10-16T00:00:00,ALL,8.17,3.26,,1.48,,7.29,2.79,,1.32,
239,2021-10-17T00:00:00,0-11yrs,4.21,0.00,,0.00,,4.17,0.00,,1.30,
240,2021-10-17T00:00:00,12-17yrs,12.50,6.53,,0.85,,12.08,4.29,,0.61,
241,2021-10-17T00:00:00,18-39yrs,9.16,2.97,,1.31,,8.57,2.11,,1.47,
242,2021-10-17T00:00:00,40-59yrs,7.39,1.23,,1.49,,9.34,3.48,,1.44,
243,2021-10-17T00:00:00,60-79yrs,10.99,3.07,,1.63,,14.67,2.14,,1.21,
244,2021-10-17T00:00:00,80+,231.8,5.49,,2.05,,129.6,0.78,,1.22,
245,2021-10-17T00:00:00,ALL,6.71,3.01,,1.46,,6.96,2.64,,1.32,
246,2021-10-18T00:00:00,0-11yrs,4.21,0.00,,0.00,,4.16,-0.00,,1.30,
247,2021-10-18T00:00:00,12-17yrs,10.83,3.96,,0.14,,11.60,4.34,,0.57,
248,2021-10-18T00:00:00,18-39yrs,6.53,2.40,,1.13,,8.39,1.95,,1.46,
249,2021-10-18T00:00:00,40-59yrs,8.77,2.48,,1.40,,8.55,3.59,,1.45,
250,2021-10-18T00:00:00,60-79yrs,15.45,1.54,,0.74,,14.10,1.95,,1.13,
251,2021-10-18T00:00:00,80+,0.00,5.50,,0.63,,111.8,1.57,,1.22,
252,2021-10-18T00:00:00,ALL,6.23,2.57,,1.02,,6.71,2.59,,1.30,
253,2021-10-19T00:00:00,0-11yrs,3.98,0.00,,0.00,,4.12,-0.00,,1.30,
254,2021-10-19T00:00:00,12-17yrs,8.02,1.34,,0.28,,11.26,4.19,,0.59,
255,2021-10-19T00:00:00,18-39yrs,6.33,1.82,,1.31,,8.32,1.93,,1.46,
256,2021-10-19T00:00:00,40-59yrs,5.68,3.75,,1.12,,8.23,3.71,,1.42,
257,2021-10-19T00:00:00,60-79yrs,8.16,4.64,,0.78,,13.57,2.40,,1.06,
258,2021-10-19T00:00:00,80+,0.00,0.00,,0.31,,104.2,1.57,,1.06,
259,2021-10-19T00:00:00,ALL,5.16,2.45,,0.99,,6.57,2.64,,1.26,
260,2021-10-20T00:00:00,0-11yrs,3.20,0.00,,0.00,,4.03,0.00,,1.30,
261,2021-10-20T00:00:00,12-17yrs,6.92,2.71,,0.56,,10.91,4.05,,0.52,
262,2021-10-20T00:00:00,18-39yrs,8.34,2.46,,1.04,,8.69,2.08,,1.45,
263,2021-10-20T00:00:00,40-59yrs,9.06,1.27,,1.02,,8.73,3.39,,1.40,
264,2021-10-20T00:00:00,60-79yrs,9.00,0.00,,0.48,,13.75,2.40,,1.03,
265,2021-10-20T00:00:00,80+,224.2,5.54,,0.00,,123.5,2.36,,0.92,
266,2021-10-20T00:00:00,ALL,5.80,1.55,,0.79,,6.67,2.58,,1.24,
267,2021-10-21T00:00:00,0-11yrs,4.15,17.23,,0.00,,4.15,2.46,,-0.00,
268,2021-10-21T00:00:00,12-17yrs,11.61,5.50,,0.70,,11.06,4.49,,0.60,
269,2021-10-21T00:00:00,18-39yrs,8.52,1.56,,1.42,,8.73,2.14,,1.45,
270,2021-10-21T00:00:00,40-59yrs,8.51,2.56,,1.76,,8.50,3.08,,1.44,
271,2021-10-21T00:00:00,60-79yrs,12.12,1.58,,1.00,,13.23,2.20,,0.98,
272,2021-10-21T00:00:00,80+,388.7,0.00,,0.47,,155.5,2.36,,0.70,
273,2021-10-21T00:00:00,ALL,6.64,2.35,,1.31,,6.69,2.59,,1.23,
274,2021-10-22T00:00:00,0-11yrs,4.93,0.00,,0.00,,4.22,2.46,,-0.00,
275,2021-10-22T00:00:00,12-17yrs,7.01,2.79,,0.97,,10.06,3.99,,0.62,
276,2021-10-22T00:00:00,18-39yrs,8.46,4.41,,1.94,,8.24,2.52,,1.44,
277,2021-10-22T00:00:00,40-59yrs,11.36,1.94,,1.79,,8.80,2.67,,1.47,
278,2021-10-22T00:00:00,60-79yrs,15.32,1.59,,1.22,,12.64,2.21,,1.00,
279,2021-10-22T00:00:00,80+,447.8,5.61,,0.47,,214.3,3.16,,0.56,
280,2021-10-22T00:00:00,ALL,7.31,3.33,,1.56,,6.57,2.65,,1.23,
281,2021-10-23T00:00:00,0-11yrs,3.98,0.00,,0.00,,4.09,2.46,,-0.00,
282,2021-10-23T00:00:00,12-17yrs,10.00,5.71,,0.55,,9.56,4.08,,0.58,
283,2021-10-23T00:00:00,18-39yrs,7.90,2.88,,1.44,,7.89,2.64,,1.37,
284,2021-10-23T00:00:00,40-59yrs,9.83,1.96,,1.29,,8.66,2.17,,1.41,
285,2021-10-23T00:00:00,60-79yrs,6.20,1.61,,0.41,,11.03,2.00,,0.89,
286,2021-10-23T00:00:00,80+,533.3,5.63,,0.47,,260.8,3.97,,0.63,
287,2021-10-23T00:00:00,ALL,6.21,2.90,,1.02,,6.29,2.59,,1.16,
288,2021-10-24T00:00:00,0-11yrs,4.31,0.00,,0.00,,4.11,2.46,,-0.00,
289,2021-10-24T00:00:00,12-17yrs,8.29,4.36,,0.00,,8.95,3.77,,0.46,
290,2021-10-24T00:00:00,18-39yrs,6.30,3.24,,1.26,,7.48,2.68,,1.36,
291,2021-10-24T00:00:00,40-59yrs,6.85,5.94,,1.45,,8.58,2.84,,1.40,
292,2021-10-24T00:00:00,60+,11.69,0.00,,0.99,,11.69,0.00,,0.99,
293,2021-10-24T00:00:00,ALL,5.64,3.58,,1.14,,6.14,2.68,,1.12,
294,2022-03-11T00:00:00,0-4yrs,,,9.27,0.00,0.00,,,,,
295,2022-03-11T00:00:00,12-17yrs,,,3.14,16.45,8.92,,,,,
296,2022-03-11T00:00:00,18-39yrs,,,10.59,15.35,19.48,,,,,
297,2022-03-11T00:00:00,40-59yrs,,,10.11,13.35,18.48,,,,,
298,2022-03-11T00:00:00,5-11yrs,,,7.58,19.40,0.00,,,,,
299,2022-03-11T00:00:00,60+,,,26.20,8.79,6.62,,,,,
300,2022-03-11T00:00:00,ALL,,,9.58,14.50,13.76,,,,,
301,2022-03-12T00:00:00,0-4yrs,,,6.50,0.00,0.00,,,,,
302,2022-03-12T00:00:00,12-17yrs,,,3.14,14.93,17.53,,,,,
303,2022-03-12T00:00:00,18-39yrs,,,10.45,14.10,23.05,,,,,
304,2022-03-12T00:00:00,40-59yrs,,,7.42,11.63,15.49,,,,,
305,2022-03-12T00:00:00,5-11yrs,,,7.76,11.92,0.00,,,,,
306,2022-03-12T00:00:00,60+,,,29.08,11.18,7.39,,,,,
307,2022-03-12T00:00:00,ALL,,,8.57,13.09,14.18,,,,,
308,2022-03-13T00:00:00,0-4yrs,,,7.19,0.00,0.00,,,,,
309,2022-03-13T00:00:00,12-17yrs,,,6.29,11.87,8.45,,,,,
310,2022-03-13T00:00:00,18-39yrs,,,5.38,10.30,17.43,,,,,
311,2022-03-13T00:00:00,40-59yrs,,,5.18,9.10,13.51,,,,,
312,2022-03-13T00:00:00,5-11yrs,,,5.63,12.59,0.00,,,,,
313,2022-03-13T00:00:00,60+,,,20.12,6.45,6.40,,,,,
314,2022-03-13T00:00:00,ALL,,,6.50,9.92,11.56,,,,,
315,2022-03-14T00:00:00,0-4yrs,,,6.78,0.00,0.00,,,,,
316,2022-03-14T00:00:00,12-17yrs,,,3.77,10.08,11.22,,,,,
317,2022-03-14T00:00:00,18-39yrs,,,5.08,5.69,12.23,,,,,
318,2022-03-14T00:00:00,40-59yrs,,,4.50,6.39,10.10,,,,,
319,2022-03-14T00:00:00,5-11yrs,,,5.22,12.24,0.00,,,,,
320,2022-03-14T00:00:00,60+,,,12.87,4.25,4.09,,,,,
321,2022-03-14T00:00:00,ALL,,,5.69,6.79,8.22,,,,,
322,2022-03-15T00:00:00,0-4yrs,,,6.36,0.00,0.00,,,,,
323,2022-03-15T00:00:00,12-17yrs,,,4.41,6.98,3.98,,,,,
324,2022-03-15T00:00:00,18-39yrs,,,5.08,5.69,11.67,,,,,
325,2022-03-15T00:00:00,40-59yrs,,,4.05,5.76,9.04,,,,,
326,2022-03-15T00:00:00,5-11yrs,,,4.96,9.64,0.00,,,,,
327,2022-03-15T00:00:00,60+,,,12.02,5.45,3.85,,,,,
328,2022-03-15T00:00:00,ALL,,,5.45,6.15,7.53,,,,,
329,2022-03-16T00:00:00,0-4yrs,,,7.33,0.00,0.00,,,,,
330,2022-03-16T00:00:00,12-17yrs,,,2.52,11.74,8.67,,,,,
331,2022-03-16T00:00:00,18-39yrs,,,9.10,12.33,22.71,,,,,
332,2022-03-16T00:00:00,40-59yrs,,,6.31,13.93,17.89,,,,,
333,2022-03-16T00:00:00,5-11yrs,,,5.66,14.10,0.00,,,,,
334,2022-03-16T00:00:00,60+,,,27.96,9.38,7.83,,,,,
335,2022-03-16T00:00:00,ALL,,,7.66,12.43,14.90,,,,,
336,2022-03-17T00:00:00,0-4yrs,,,10.10,0.00,0.00,,,7.65,0.00,0.00
337,2022-03-17T00:00:00,12-17yrs,,,12.60,12.21,9.39,,,5.12,12.04,9.74
338,2022-03-17T00:00:00,18-39yrs,,,12.51,20.60,24.91,,,8.31,12.01,18.78
339,2022-03-17T00:00:00,40-59yrs,,,8.34,19.23,17.56,,,6.56,11.34,14.58
340,2022-03-17T00:00:00,5-11yrs,,,8.86,12.91,0.00,,,6.52,13.26,-0.00
341,2022-03-17T00:00:00,60+,,,29.92,11.80,8.00,,,22.60,8.19,6.31
342,2022-03-17T00:00:00,ALL,,,10.96,17.46,15.46,,,7.77,11.48,12.23
343,2022-03-18T00:00:00,0-4yrs,,,5.81,0.00,0.00,,,7.15,0.00,0.00
344,2022-03-18T00:00:00,12-17yrs,,,6.93,9.37,10.08,,,5.67,11.03,9.90
345,2022-03-18T00:00:00,18-39yrs,,,13.30,20.28,27.81,,,8.70,12.71,19.97
346,2022-03-18T00:00:00,40-59yrs,,,10.15,14.12,19.32,,,6.56,11.45,14.70
347,2022-03-18T00:00:00,5-11yrs,,,8.47,13.39,0.00,,,6.65,12.40,-0.00
348,2022-03-18T00:00:00,60+,,,38.47,12.69,9.11,,,24.35,8.74,6.67
349,2022-03-18T00:00:00,ALL,,,10.22,15.77,17.23,,,7.86,11.66,12.73
350,2022-03-19T00:00:00,0-4yrs,,,8.02,0.00,0.00,,,7.37,0.00,0.00
351,2022-03-19T00:00:00,12-17yrs,,,8.84,9.42,6.20,,,6.48,10.24,8.28
352,2022-03-19T00:00:00,18-39yrs,,,12.85,12.66,23.75,,,9.04,12.51,20.07
353,2022-03-19T00:00:00,40-59yrs,,,9.26,10.69,15.22,,,6.83,11.32,14.66
354,2022-03-19T00:00:00,5-11yrs,,,5.86,7.19,0.00,,,6.38,11.72,-0.00
355,2022-03-19T00:00:00,60+,,,28.25,7.91,7.99,,,24.23,8.28,6.75
356,2022-03-19T00:00:00,ALL,,,9.59,10.74,14.36,,,8.01,11.32,12.75
357,2022-03-20T00:00:00,0-4yrs,,,5.81,0.00,0.00,,,7.17,0.00,0.00
358,2022-03-20T00:00:00,12-17yrs,,,9.48,8.89,10.24,,,6.94,9.81,8.54
359,2022-03-20T00:00:00,18-39yrs,,,8.06,9.42,19.98,,,9.43,12.38,20.44
360,2022-03-20T00:00:00,40-59yrs,,,7.45,9.49,15.89,,,7.15,11.37,15.00
361,2022-03-20T00:00:00,5-11yrs,,,4.63,10.66,0.00,,,6.24,11.45,-0.00
362,2022-03-20T00:00:00,60+,,,23.61,7.40,7.46,,,24.73,8.41,6.90
363,2022-03-20T00:00:00,ALL,,,7.17,9.22,13.43,,,8.11,11.22,13.02
364,2022-03-21T00:00:00,0-4yrs,,,5.95,0.00,0.00,,,7.05,0.00,0.00
365,2022-03-21T00:00:00,12-17yrs,,,2.53,5.84,4.22,,,6.76,9.21,7.54
366,2022-03-21T00:00:00,18-39yrs,,,4.65,6.91,14.89,,,9.36,12.56,20.82
367,2022-03-21T00:00:00,40-59yrs,,,5.65,5.71,10.09,,,7.32,11.28,15.00
368,2022-03-21T00:00:00,5-11yrs,,,5.34,6.81,0.00,,,6.25,10.67,-0.00
369,2022-03-21T00:00:00,60+,,,33.18,3.27,4.50,,,27.63,8.27,6.96
370,2022-03-21T00:00:00,ALL,,,6.28,6.02,8.97,,,8.19,11.11,13.13
371,2022-03-22T00:00:00,0-4yrs,,,4.56,0.00,0.00,,,6.80,0.00,0.00
372,2022-03-22T00:00:00,12-17yrs,,,5.05,6.58,10.05,,,6.85,9.15,8.41
373,2022-03-22T00:00:00,18-39yrs,,,8.53,8.93,17.53,,,9.86,13.02,21.65
374,2022-03-22T00:00:00,40-59yrs,,,7.45,7.97,10.49,,,7.80,11.59,15.21
375,2022-03-22T00:00:00,5-11yrs,,,6.05,9.79,0.00,,,6.41,10.69,-0.00
376,2022-03-22T00:00:00,60+,,,37.25,5.69,5.64,,,31.23,8.31,7.22
377,2022-03-22T00:00:00,ALL,,,7.58,8.04,10.36,,,8.49,11.38,13.53
378,2022-03-23T00:00:00,0-4yrs,,,7.47,0.00,0.00,,,6.82,0.00,0.00
379,2022-03-23T00:00:00,12-17yrs,,,6.32,10.56,16.50,,,7.39,8.98,9.53
380,2022-03-23T00:00:00,18-39yrs,,,10.25,11.95,22.97,,,10.02,12.96,21.69
381,2022-03-23T00:00:00,40-59yrs,,,7.91,12.65,19.80,,,8.03,11.41,15.48
382,2022-03-23T00:00:00,5-11yrs,,,6.20,12.19,0.00,,,6.49,10.42,-0.00
383,2022-03-23T00:00:00,60+,,,24.03,7.77,8.84,,,30.67,8.08,7.36
384,2022-03-23T00:00:00,ALL,,,8.41,11.46,16.11,,,8.60,11.24,13.70
385,2022-03-24T00:00:00,0-4yrs,,,8.02,0.00,0.00,,,6.52,0.00,0.00
386,2022-03-24T00:00:00,12-17yrs,,,6.32,9.41,15.46,,,6.50,8.58,10.39
387,2022-03-24T00:00:00,18-39yrs,,,12.59,15.36,34.40,,,10.03,12.22,23.05
388,2022-03-24T00:00:00,40-59yrs,,,9.04,13.39,20.06,,,8.13,10.57,15.84
389,2022-03-24T00:00:00,5-11yrs,,,7.63,12.66,0.00,,,6.31,10.38,-0.00
390,2022-03-24T00:00:00,60+,,,28.92,11.77,10.72,,,30.53,8.07,7.75
391,2022-03-24T00:00:00,ALL,,,9.83,13.41,19.94,,,8.44,10.67,14.34
392,2022-03-25T00:00:00,0-4yrs,,,9.13,0.00,0.00,,,6.99,0.00,0.00
393,2022-03-25T00:00:00,12-17yrs,,,6.32,14.15,11.23,,,6.41,9.26,10.56
394,2022-03-25T00:00:00,18-39yrs,,,14.16,17.59,38.19,,,10.16,11.83,24.53
395,2022-03-25T00:00:00,40-59yrs,,,10.41,13.73,22.48,,,8.17,10.52,16.29
396,2022-03-25T00:00:00,5-11yrs,,,6.10,14.47,0.00,,,5.97,10.54,-0.00
397,2022-03-25T00:00:00,60+,,,33.84,10.06,11.02,,,29.87,7.70,8.02
398,2022-03-25T00:00:00,ALL,,,10.49,15.01,21.74,,,8.48,10.56,14.99
399,2022-03-26T00:00:00,0-4yrs,,,10.37,0.00,0.00,,,7.33,0.00,0.00
400,2022-03-26T00:00:00,12-17yrs,,,5.06,14.20,14.14,,,5.87,9.95,11.69
401,2022-03-26T00:00:00,18-39yrs,,,12.93,16.52,35.56,,,10.17,12.38,26.22
402,2022-03-26T00:00:00,40-59yrs,,,8.60,15.28,24.08,,,8.07,11.17,17.56
403,2022-03-26T00:00:00,5-11yrs,,,7.69,13.30,0.00,,,6.23,11.41,-0.00
404,2022-03-26T00:00:00,60+,,,30.07,10.94,10.57,,,30.13,8.13,8.39
405,2022-03-26T00:00:00,ALL,,,10.43,14.98,21.42,,,8.60,11.16,16.00
406,2022-03-27T00:00:00,0-4yrs,,,9.68,0.00,0.00,,,7.88,0.00,0.00
407,2022-03-27T00:00:00,12-17yrs,,,5.70,10.70,14.54,,,5.33,10.21,12.31
408,2022-03-27T00:00:00,18-39yrs,,,8.57,11.88,25.51,,,10.24,12.73,27.01
409,2022-03-27T00:00:00,40-59yrs,,,7.47,11.98,19.70,,,8.08,11.53,18.10
410,2022-03-27T00:00:00,5-11yrs,,,7.58,13.96,0.00,,,6.66,11.88,-0.00
411,2022-03-27T00:00:00,60+,,,30.13,8.17,9.59,,,31.06,8.24,8.70
412,2022-03-27T00:00:00,ALL,,,9.07,11.47,17.02,,,8.87,11.48,16.51
413,2022-03-28T00:00:00,0-4yrs,,,8.58,0.00,0.00,,,8.26,0.00,0.00
414,2022-03-28T00:00:00,12-17yrs,,,4.43,10.87,6.81,,,5.60,10.92,12.68
415,2022-03-28T00:00:00,18-39yrs,,,6.23,8.86,21.14,,,10.47,13.01,27.90
416,2022-03-28T00:00:00,40-59yrs,,,7.70,8.91,15.50,,,8.37,11.99,18.87
417,2022-03-28T00:00:00,5-11yrs,,,7.75,11.28,0.00,,,7.00,12.52,-0.00
418,2022-03-28T00:00:00,60+,,,38.06,6.44,7.78,,,31.76,8.69,9.17
419,2022-03-28T00:00:00,ALL,,,8.54,9.06,13.68,,,9.19,11.92,17.18
420,2022-03-29T00:00:00,0-4yrs,,,10.51,0.00,0.00,,,9.11,0.00,0.00
421,2022-03-29T00:00:00,12-17yrs,,,6.97,6.87,10.42,,,5.87,10.97,12.73
422,2022-03-29T00:00:00,18-39yrs,,,7.64,9.46,16.93,,,10.34,13.09,27.81
423,2022-03-29T00:00:00,40-59yrs,,,5.43,8.84,13.51,,,8.08,12.11,19.30
424,2022-03-29T00:00:00,5-11yrs,,,6.04,8.10,0.00,,,7.00,12.28,0.00
425,2022-03-29T00:00:00,60+,,,29.46,9.41,7.40,,,30.64,9.22,9.42
426,2022-03-29T00:00:00,ALL,,,8.40,8.84,11.87,,,9.31,12.03,17.40
427,2022-03-30T00:00:00,0-4yrs,,,9.96,0.00,0.00,,,9.46,0.00,0.00
428,2022-03-30T00:00:00,12-17yrs,,,5.71,12.30,13.14,,,5.79,11.21,12.25
429,2022-03-30T00:00:00,18-39yrs,,,10.93,18.00,34.69,,,10.44,13.95,29.49
430,2022-03-30T00:00:00,40-59yrs,,,11.55,16.47,25.88,,,8.60,12.66,20.17
431,2022-03-30T00:00:00,5-11yrs,,,9.95,16.87,0.00,,,7.53,12.95,0.00
432,2022-03-30T00:00:00,60+,,,40.51,10.47,10.10,,,33.00,9.61,9.60
433,2022-03-30T00:00:00,ALL,,,11.32,15.86,21.54,,,9.73,12.66,18.17
434,2022-03-31T00:00:00,0-4yrs,,,15.35,0.00,0.00,,,10.51,0.00,0.00
435,2022-03-31T00:00:00,12-17yrs,,,12.05,16.56,15.06,,,6.61,12.24,12.19
436,2022-03-31T00:00:00,18-39yrs,,,12.18,19.05,38.63,,,10.38,14.48,30.09
437,2022-03-31T00:00:00,40-59yrs,,,11.11,16.24,26.36,,,8.90,13.06,21.07
438,2022-03-31T00:00:00,5-11yrs,,,11.01,19.07,0.00,,,8.02,13.86,0.00
439,2022-03-31T00:00:00,60+,,,33.70,12.58,13.70,,,33.68,9.72,10.02
440,2022-03-31T00:00:00,ALL,,,13.33,17.24,24.22,,,10.23,13.21,18.78
441,2022-04-01T00:00:00,0-4yrs,,,12.72,0.00,0.00,,,11.02,0.00,0.00
442,2022-04-01T00:00:00,12-17yrs,,,7.61,16.16,12.71,,,6.79,12.52,12.40
443,2022-04-01T00:00:00,18-39yrs,,,17.66,22.14,44.33,,,10.88,15.13,30.97
444,2022-04-01T00:00:00,40-59yrs,,,12.47,23.08,28.69,,,9.19,14.40,21.96
445,2022-04-01T00:00:00,5-11yrs,,,11.04,16.41,0.00,,,8.72,14.14,0.00
446,2022-04-01T00:00:00,60+,,,38.79,14.35,16.61,,,34.39,10.34,10.82
447,2022-04-01T00:00:00,ALL,,,14.07,20.19,27.58,,,10.74,13.95,19.62
448,2022-04-02T00:00:00,0-4yrs,,,14.80,0.00,0.00,,,11.66,0.00,0.00
449,2022-04-02T00:00:00,12-17yrs,,,14.60,12.43,13.17,,,8.15,12.27,12.26
450,2022-04-02T00:00:00,18-39yrs,,,17.52,20.02,35.88,,,11.53,15.63,31.02
451,2022-04-02T00:00:00,40-59yrs,,,12.03,18.72,29.92,,,9.68,14.89,22.79
452,2022-04-02T00:00:00,5-11yrs,,,13.86,15.78,0.00,,,9.60,14.50,-0.00
453,2022-04-02T00:00:00,60+,,,50.96,15.25,14.59,,,37.37,10.95,11.40
454,2022-04-02T00:00:00,ALL,,,16.06,17.76,24.93,,,11.54,14.35,20.12
455,2022-04-03T00:00:00,0-4yrs,,,13.42,0.00,0.00,,,12.19,0.00,0.00
456,2022-04-03T00:00:00,12-17yrs,,,12.70,13.08,15.03,,,9.15,12.61,12.33
457,2022-04-03T00:00:00,18-39yrs,,,12.83,16.60,35.42,,,12.14,16.30,32.43
458,2022-04-03T00:00:00,40-59yrs,,,11.35,16.86,28.02,,,10.23,15.59,23.98
459,2022-04-03T00:00:00,5-11yrs,,,10.25,17.44,0.00,,,9.99,14.99,0.00
460,2022-04-03T00:00:00,60+,,,59.20,8.60,17.39,,,41.53,11.01,12.51
461,2022-04-03T00:00:00,ALL,,,13.78,15.32,25.39,,,12.21,14.90,21.32
462,2022-04-04T00:00:00,0-4yrs,,,11.62,0.00,0.00,,,12.63,0.00,0.00
463,2022-04-04T00:00:00,12-17yrs,,,9.52,9.29,8.83,,,9.88,12.38,12.62
464,2022-04-04T00:00:00,18-39yrs,,,10.02,10.79,23.80,,,12.68,16.58,32.81
465,2022-04-04T00:00:00,40-59yrs,,,8.62,9.94,20.15,,,10.37,15.74,24.65
466,2022-04-04T00:00:00,5-11yrs,,,9.39,16.13,0.00,,,10.22,15.69,0.00
467,2022-04-04T00:00:00,60+,,,44.38,10.71,11.05,,,42.43,11.62,12.98
468,2022-04-04T00:00:00,ALL,,,11.27,10.80,17.19,,,12.60,15.14,21.82
469,2022-04-05T00:00:00,0-4yrs,,,11.34,0.00,0.00,,,12.74,0.00,0.00
470,2022-04-05T00:00:00,12-17yrs,,,3.81,8.23,6.76,,,9.43,12.58,12.10
471,2022-04-05T00:00:00,18-39yrs,,,9.24,10.94,19.62,,,12.91,16.79,33.20
472,2022-04-05T00:00:00,40-59yrs,,,5.45,12.80,18.80,,,10.37,16.30,25.40
473,2022-04-05T00:00:00,5-11yrs,,,5.87,14.59,0.00,,,10.20,16.61,-0.00
474,2022-04-05T00:00:00,60+,,,47.74,9.14,11.04,,,45.04,11.59,13.50
475,2022-04-05T00:00:00,ALL,,,9.42,11.13,15.63,,,12.75,15.47,22.35
476,2022-04-06T00:00:00,0-4yrs,,,16.04,0.00,0.00,,,13.61,0.00,0.00
477,2022-04-06T00:00:00,12-17yrs,,,12.05,13.13,15.44,,,10.33,12.70,12.43
478,2022-04-06T00:00:00,18-39yrs,,,14.41,22.00,36.96,,,13.41,17.36,33.52
479,2022-04-06T00:00:00,40-59yrs,,,14.08,19.34,31.98,,,10.73,16.71,26.27
480,2022-04-06T00:00:00,5-11yrs,,,9.86,18.31,0.00,,,10.18,16.82,-0.00
481,2022-04-06T00:00:00,60+,,,55.26,16.20,16.85,,,47.15,12.40,14.46
482,2022-04-06T00:00:00,ALL,,,14.98,19.15,26.82,,,13.27,15.94,23.11
483,2022-04-07T00:00:00,0-4yrs,,,14.52,0.00,0.00,,,13.49,0.00,0.00
484,2022-04-07T00:00:00,12-17yrs,,,15.86,17.28,22.69,,,10.88,12.80,13.52
485,2022-04-07T00:00:00,18-39yrs,,,17.24,24.10,46.86,,,14.13,18.08,34.70
486,2022-04-07T00:00:00,40-59yrs,,,14.31,25.31,38.46,,,11.19,18.01,28.00
487,2022-04-07T00:00:00,5-11yrs,,,15.77,18.00,0.00,,,10.86,16.67,-0.00
488,2022-04-07T00:00:00,60+,,,74.09,16.75,22.41,,,52.92,13.00,15.71
489,2022-04-07T00:00:00,ALL,,,17.63,22.13,33.84,,,13.89,16.64,24.48
490,2022-04-08T00:00:00,0-4yrs,,,17.70,0.00,0.00,,,14.21,0.00,0.00
491,2022-04-08T00:00:00,12-17yrs,,,13.95,16.70,21.87,,,11.78,12.88,14.83
492,2022-04-08T00:00:00,18-39yrs,,,18.82,22.72,48.05,,,14.30,18.17,35.23
493,2022-04-08T00:00:00,40-59yrs,,,17.72,26.72,41.45,,,11.94,18.53,29.83
494,2022-04-08T00:00:00,5-11yrs,,,14.62,24.93,0.00,,,11.37,17.88,0.00
495,2022-04-08T00:00:00,60+,,,67.28,18.74,20.23,,,56.99,13.63,16.22
496,2022-04-08T00:00:00,ALL,,,18.76,22.64,34.18,,,14.56,16.99,25.43
497,2022-04-09T00:00:00,0-4yrs,,,13.55,0.00,0.00,,,14.03,0.00,0.00
498,2022-04-09T00:00:00,12-17yrs,,,10.79,12.12,19.74,,,11.24,12.83,15.77
499,2022-04-09T00:00:00,18-39yrs,,,16.79,21.29,40.07,,,14.19,18.35,35.83
500,2022-04-09T00:00:00,40-59yrs,,,13.86,21.68,37.89,,,12.20,18.95,30.96
501,2022-04-09T00:00:00,5-11yrs,,,12.28,17.38,0.00,,,11.15,18.11,0.00
502,2022-04-09T00:00:00,60+,,,58.27,17.00,22.74,,,58.03,13.88,17.39
503,2022-04-09T00:00:00,ALL,,,15.49,19.33,31.95,,,14.48,17.21,26.43
504,2022-04-10T00:00:00,0-4yrs,,,16.74,0.00,0.00,,,14.50,0.00,0.00
505,2022-04-10T00:00:00,12-17yrs,,,15.87,11.53,17.59,,,11.69,12.61,16.13
506,2022-04-10T00:00:00,18-39yrs,,,15.07,16.26,35.03,,,14.51,18.30,35.77
507,2022-04-10T00:00:00,40-59yrs,,,13.18,18.91,34.69,,,12.46,19.24,31.92
508,2022-04-10T00:00:00,5-11yrs,,,12.92,16.29,781.3,,,11.53,17.95,111.6
509,2022-04-10T00:00:00,60+,,,64.57,18.26,20.39,,,58.80,15.26,17.82
510,2022-04-10T00:00:00,ALL,,,16.49,16.53,28.65,,,14.86,17.39,26.89
511,2022-04-11T00:00:00,0-4yrs,,,10.79,0.00,0.00,,,14.38,0.00,0.00
512,2022-04-11T00:00:00,12-17yrs,,,10.16,8.46,10.39,,,11.78,12.49,16.35
513,2022-04-11T00:00:00,18-39yrs,,,10.68,10.03,25.07,,,14.61,18.19,35.95
514,2022-04-11T00:00:00,40-59yrs,,,7.95,10.24,24.75,,,12.36,19.29,32.57
515,2022-04-11T00:00:00,5-11yrs,,,9.07,11.33,0.00,,,11.48,17.26,111.6
516,2022-04-11T00:00:00,60+,,,35.97,10.99,15.10,,,57.60,15.30,18.39
517,2022-04-11T00:00:00,ALL,,,10.74,10.09,20.62,,,14.79,17.29,27.38
518,2022-04-12T00:00:00,0-4yrs,,,13.42,0.00,0.00,,,14.68,0.00,0.00
519,2022-04-12T00:00:00,12-17yrs,,,10.79,8.16,14.25,,,12.78,12.48,17.42
520,2022-04-12T00:00:00,18-39yrs,,,12.57,11.13,21.92,,,15.08,18.22,36.28
521,2022-04-12T00:00:00,40-59yrs,,,9.32,11.96,22.28,,,12.92,19.17,33.07
522,2022-04-12T00:00:00,5-11yrs,,,7.14,10.34,0.00,,,11.67,16.65,111.6
523,2022-04-12T00:00:00,60+,,,44.48,10.82,13.44,,,57.13,15.54,18.74
524,2022-04-12T00:00:00,ALL,,,11.96,10.84,18.44,,,15.15,17.24,27.79
525,2022-04-13T00:00:00,0-4yrs,,,15.21,0.00,0.00,,,14.56,0.00,0.00
526,2022-04-13T00:00:00,12-17yrs,,,11.43,16.65,15.47,,,12.69,12.99,17.43
527,2022-04-13T00:00:00,18-39yrs,,,12.26,21.37,37.96,,,14.78,18.13,36.42
528,2022-04-13T00:00:00,40-59yrs,,,12.28,21.81,39.04,,,12.66,19.52,34.08
529,2022-04-13T00:00:00,5-11yrs,,,13.11,15.23,763.4,,,12.13,16.21,220.7
530,2022-04-13T00:00:00,60+,,,69.60,20.09,22.85,,,59.18,16.09,19.59
531,2022-04-13T00:00:00,ALL,,,15.24,20.18,31.72,,,15.19,17.39,28.49
532,2022-04-14T00:00:00,0-4yrs,,,17.43,0.00,0.00,,,14.98,0.00,0.00
533,2022-04-14T00:00:00,12-17yrs,,,13.33,15.28,12.19,,,12.33,12.70,15.93
534,2022-04-14T00:00:00,18-39yrs,,,19.50,23.33,48.56,,,15.10,18.02,36.67
535,2022-04-14T00:00:00,40-59yrs,,,18.43,27.32,42.78,,,13.25,19.81,34.70
536,2022-04-14T00:00:00,5-11yrs,,,15.52,19.85,0.00,,,12.09,16.48,220.7
537,2022-04-14T00:00:00,60+,,,95.11,19.22,30.16,,,62.18,16.45,20.70
538,2022-04-14T00:00:00,ALL,,,20.09,22.49,38.53,,,15.54,17.44,29.16
539,2022-04-15T00:00:00,0-4yrs,,,16.60,0.00,0.00,,,14.82,0.00,0.00
540,2022-04-15T00:00:00,12-17yrs,,,12.05,11.44,14.68,,,12.06,11.95,14.90
541,2022-04-15T00:00:00,18-39yrs,,,14.63,21.59,45.55,,,14.50,17.86,36.31
542,2022-04-15T00:00:00,40-59yrs,,,16.16,23.82,39.89,,,13.03,19.39,34.47
543,2022-04-15T00:00:00,5-11yrs,,,8.37,17.11,724.6,,,11.20,15.36,324.2
544,2022-04-15T00:00:00,60+,,,76.62,20.86,29.90,,,63.52,16.75,22.08
545,2022-04-15T00:00:00,ALL,,,15.88,20.33,36.81,,,15.13,17.11,29.53
546,2022-04-16T00:00:00,0-4yrs,,,17.43,0.00,0.00,,,15.37,0.00,0.00
547,2022-04-16T00:00:00,12-17yrs,,,7.61,10.22,20.30,,,11.61,11.68,14.98
548,2022-04-16T00:00:00,18-39yrs,,,16.37,16.95,42.60,,,14.44,17.24,36.67
549,2022-04-16T00:00:00,40-59yrs,,,16.16,23.27,40.27,,,13.35,19.62,34.81
550,2022-04-16T00:00:00,5-11yrs,,,10.03,19.99,0.00,,,10.88,15.73,324.2
551,2022-04-16T00:00:00,60+,,,79.04,25.36,32.09,,,66.48,17.94,23.42
552,2022-04-16T00:00:00,ALL,,,16.74,18.87,37.14,,,15.31,17.05,30.27
553,2022-04-17T00:00:00,0-4yrs,,,11.89,0.00,0.00,,,14.68,0.00,0.00
554,2022-04-17T00:00:00,12-17yrs,,,6.34,5.43,11.33,,,10.24,10.81,14.09
555,2022-04-17T00:00:00,18-39yrs,,,9.61,8.91,22.69,,,13.66,16.19,34.91
556,2022-04-17T00:00:00,40-59yrs,,,10.25,9.71,22.53,,,12.94,18.30,33.08
557,2022-04-17T00:00:00,5-11yrs,,,6.90,9.47,0.00,,,10.02,14.76,212.6
558,2022-04-17T00:00:00,60+,,,71.86,15.02,20.99,,,67.53,17.48,23.50
559,2022-04-17T00:00:00,ALL,,,11.63,9.40,21.70,,,14.61,16.03,29.28
560,2022-04-18T00:00:00,0-4yrs,,,11.34,0.00,0.00,,,14.76,0.00,0.00
561,2022-04-18T00:00:00,12-17yrs,,,5.70,6.83,5.02,,,9.61,10.57,13.32
562,2022-04-18T00:00:00,18-39yrs,,,9.45,8.81,20.19,,,13.48,16.01,34.21
563,2022-04-18T00:00:00,40-59yrs,,,10.24,9.80,21.37,,,13.26,18.24,32.59
564,2022-04-18T00:00:00,5-11yrs,,,6.01,9.94,0.00,,,9.58,14.56,212.6
565,2022-04-18T00:00:00,60+,,,39.34,12.88,18.29,,,68.01,17.75,23.96
566,2022-04-18T00:00:00,ALL,,,10.05,9.36,19.46,,,14.51,15.92,29.11
567,2022-04-19T00:00:00,0-4yrs,,,4.70,0.00,0.00,,,13.51,0.00,0.00
568,2022-04-19T00:00:00,12-17yrs,,,6.33,2.95,3.13,,,8.97,9.83,11.73
569,2022-04-19T00:00:00,18-39yrs,,,6.77,4.61,9.85,,,12.66,15.08,32.49
570,2022-04-19T00:00:00,40-59yrs,,,3.41,5.35,10.26,,,12.42,17.30,30.88
571,2022-04-19T00:00:00,5-11yrs,,,4.06,1.94,0.00,,,9.14,13.36,212.6
572,2022-04-19T00:00:00,60+,,,37.48,9.85,9.57,,,67.01,17.61,23.41
573,2022-04-19T00:00:00,ALL,,,6.04,4.95,9.72,,,13.67,15.08,27.87
574,2022-04-20T00:00:00,0-4yrs,,,3.18,0.00,0.00,,,11.80,0.00,0.00
575,2022-04-20T00:00:00,12-17yrs,,,3.17,3.42,2.50,,,7.79,7.94,9.88
576,2022-04-20T00:00:00,18-39yrs,,,3.63,5.71,9.00,,,11.42,12.84,28.35
577,2022-04-20T00:00:00,40-59yrs,,,3.64,5.61,8.34,,,11.18,14.98,26.49
578,2022-04-20T00:00:00,5-11yrs,,,1.95,2.90,0.00,,,7.55,11.60,103.5
579,2022-04-20T00:00:00,60+,,,25.87,5.56,8.19,,,60.76,15.54,21.31
580,2022-04-20T00:00:00,ALL,,,3.83,5.12,8.32,,,12.04,12.93,24.53
581,2022-04-21T00:00:00,0-4yrs,,,17.84,0.00,0.00,,,11.85,0.00,0.00
582,2022-04-21T00:00:00,12-17yrs,,,11.39,12.30,13.03,,,7.51,7.51,10.00
583,2022-04-21T00:00:00,18-39yrs,,,26.65,20.35,49.24,,,12.44,12.42,28.45
584,2022-04-21T00:00:00,40-59yrs,,,20.73,25.74,47.14,,,11.51,14.76,27.11
585,2022-04-21T00:00:00,5-11yrs,,,12.34,19.81,0.00,,,7.09,11.59,103.5
586,2022-04-21T00:00:00,60+,,,135.8,28.39,40.07,,,66.57,16.85,22.73
587,2022-04-21T00:00:00,ALL,,,22.65,21.51,44.08,,,12.40,12.79,25.32
588,2022-04-22T00:00:00,0-4yrs,,,14.11,0.00,0.00,,,11.50,0.00,0.00
589,2022-04-22T00:00:00,12-17yrs,,,12.02,11.54,12.36,,,7.51,7.53,9.67
590,2022-04-22T00:00:00,18-39yrs,,,19.25,20.26,46.41,,,13.10,12.23,28.57
591,2022-04-22T00:00:00,40-59yrs,,,17.54,24.20,45.60,,,11.71,14.81,27.93
592,2022-04-22T00:00:00,5-11yrs,,,11.00,19.29,0.00,,,7.47,11.91,0.00
593,2022-04-22T00:00:00,60+,,,104.5,30.80,34.97,,,70.56,18.27,23.45
594,2022-04-22T00:00:00,ALL,,,18.05,21.22,40.77,,,12.71,12.92,25.88
595,2022-04-23T00:00:00,0-4yrs,,,12.86,0.00,0.00,,,10.85,0.00,0.00
596,2022-04-23T00:00:00,12-17yrs,,,10.76,9.37,14.74,,,7.96,7.41,8.87
597,2022-04-23T00:00:00,18-39yrs,,,17.05,12.84,35.01,,,13.20,11.64,27.48
598,2022-04-23T00:00:00,40-59yrs,,,18.46,18.27,34.53,,,12.04,14.10,27.11
599,2022-04-23T00:00:00,5-11yrs,,,8.60,13.47,598.8,,,7.27,10.97,85.54
600,2022-04-23T00:00:00,60+,,,117.1,22.21,32.85,,,75.99,17.82,23.56
601,2022-04-23T00:00:00,ALL,,,17.10,14.88,33.54,,,12.76,12.35,25.37
602,2022-04-24T00:00:00,0-4yrs,,,15.35,0.00,0.00,,,11.34,0.00,0.00
603,2022-04-24T00:00:00,12-17yrs,,,9.49,10.32,15.87,,,8.41,8.10,9.52
604,2022-04-24T00:00:00,18-39yrs,,,20.37,16.97,38.57,,,14.74,12.79,29.75
605,2022-04-24T00:00:00,40-59yrs,,,17.78,19.53,38.02,,,13.11,15.50,29.32
606,2022-04-24T00:00:00,5-11yrs,,,8.62,13.18,0.00,,,7.51,11.50,85.54
607,2022-04-24T00:00:00,60+,,,116.1,21.71,34.35,,,82.31,18.77,25.47
608,2022-04-24T00:00:00,ALL,,,18.34,16.95,36.18,,,13.72,13.43,27.44
609,2022-04-25T00:00:00,0-4yrs,,,7.05,0.00,0.00,,,10.73,0.00,0.00
610,2022-04-25T00:00:00,12-17yrs,,,5.06,4.54,7.30,,,8.32,7.78,9.85
611,2022-04-25T00:00:00,18-39yrs,,,8.69,7.99,17.78,,,14.63,12.68,29.41
612,2022-04-25T00:00:00,40-59yrs,,,7.98,11.18,18.45,,,12.79,15.70,28.91
613,2022-04-25T00:00:00,5-11yrs,,,4.39,6.23,0.00,,,7.28,10.97,85.54
614,2022-04-25T00:00:00,60+,,,85.70,12.67,17.00,,,88.94,18.74,25.29
615,2022-04-25T00:00:00,ALL,,,9.47,8.71,17.43,,,13.64,13.33,27.15
616,2022-04-26T00:00:00,0-4yrs,,,11.20,0.00,0.00,,,11.66,0.00,0.00
617,2022-04-26T00:00:00,12-17yrs,,,4.43,2.35,7.90,,,8.05,7.69,10.53
618,2022-04-26T00:00:00,18-39yrs,,,8.69,5.98,14.60,,,14.90,12.87,30.09
619,2022-04-26T00:00:00,40-59yrs,,,9.80,6.38,15.02,,,13.70,15.84,29.59
620,2022-04-26T00:00:00,5-11yrs,,,4.85,7.18,0.00,,,7.39,11.72,85.54
621,2022-04-26T00:00:00,60+,,,63.08,11.97,17.06,,,92.59,19.04,26.36
622,2022-04-26T00:00:00,ALL,,,10.17,6.39,15.57,,,14.23,13.54,27.98
623,2022-04-27T00:00:00,0-4yrs,,,9.96,0.00,0.00,,,12.62,0.00,0.00
624,2022-04-27T00:00:00,12-17yrs,,,8.22,6.27,7.86,,,8.77,8.10,11.29
625,2022-04-27T00:00:00,18-39yrs,,,12.81,11.51,25.76,,,16.22,13.70,32.48
626,2022-04-27T00:00:00,40-59yrs,,,11.17,13.43,27.90,,,14.78,16.96,32.38
627,2022-04-27T00:00:00,5-11yrs,,,4.55,8.36,0.00,,,7.76,12.50,85.54
628,2022-04-27T00:00:00,60+,,,79.19,20.73,27.88,,,100.2,21.21,29.17
629,2022-04-27T00:00:00,ALL,,,11.70,12.08,26.87,,,15.35,14.53,30.63
630,2022-04-28T00:00:00,0-4yrs,,,9.68,0.00,0.00,,,11.46,0.00,0.00
631,2022-04-28T00:00:00,12-17yrs,,,8.21,6.44,7.23,,,8.31,7.26,10.47
632,2022-04-28T00:00:00,18-39yrs,,,13.76,14.43,32.17,,,14.37,12.85,30.04
633,2022-04-28T00:00:00,40-59yrs,,,14.37,14.86,32.45,,,13.87,15.41,30.28
634,2022-04-28T00:00:00,5-11yrs,,,8.19,10.97,0.00,,,7.17,11.24,85.54
635,2022-04-28T00:00:00,60+,,,90.66,22.24,33.07,,,93.76,20.33,28.17
636,2022-04-28T00:00:00,ALL,,,13.63,14.07,32.05,,,14.07,13.47,28.92
637,2022-04-29T00:00:00,0-4yrs,,,8.99,0.00,0.00,,,10.73,0.00,0.00
638,2022-04-29T00:00:00,12-17yrs,,,4.43,4.56,7.78,,,7.23,6.26,9.81
639,2022-04-29T00:00:00,18-39yrs,,,9.97,10.22,25.88,,,13.05,11.42,27.11
640,2022-04-29T00:00:00,40-59yrs,,,10.27,11.30,23.65,,,12.83,13.56,27.15
641,2022-04-29T00:00:00,5-11yrs,,,4.56,9.76,0.00,,,6.25,9.88,85.54
642,2022-04-29T00:00:00,60+,,,65.27,24.68,25.24,,,88.16,19.46,26.78
643,2022-04-29T00:00:00,ALL,,,9.93,11.35,24.51,,,12.91,12.06,26.59
644,2022-04-30T00:00:00,0-4yrs,,,9.82,0.00,0.00,,,10.29,0.00,0.00
645,2022-04-30T00:00:00,12-17yrs,,,4.42,5.03,7.77,,,6.32,5.64,8.82
646,2022-04-30T00:00:00,18-39yrs,,,11.24,11.48,25.56,,,12.22,11.23,25.76
647,2022-04-30T00:00:00,40-59yrs,,,10.73,13.96,23.33,,,11.73,12.95,25.55
648,2022-04-30T00:00:00,5-11yrs,,,6.38,8.56,0.00,,,5.93,9.18,0.00
649,2022-04-30T00:00:00,60+,,,81.24,15.37,25.27,,,83.03,18.48,25.70
650,2022-04-30T00:00:00,ALL,,,11.49,11.43,24.34,,,12.10,11.57,25.28
651,2022-05-01T00:00:00,0-4yrs,,,8.71,0.00,0.00,,,9.34,0.00,0.00
652,2022-05-01T00:00:00,12-17yrs,,,5.68,5.51,9.52,,,5.78,4.96,7.91
653,2022-05-01T00:00:00,18-39yrs,,,9.82,8.41,20.13,,,10.71,10.00,23.13
654,2022-05-01T00:00:00,40-59yrs,,,6.62,10.07,21.06,,,10.13,11.60,23.12
655,2022-05-01T00:00:00,5-11yrs,,,7.00,4.98,0.00,,,5.70,8.01,0.00
656,2022-05-01T00:00:00,60+,,,68.03,15.94,19.41,,,76.17,17.66,23.56
657,2022-05-01T00:00:00,ALL,,,9.98,9.00,19.88,,,10.91,10.43,22.95
658,2022-05-02T00:00:00,0-4yrs,,,6.92,0.00,0.00,,,9.33,0.00,0.00
659,2022-05-02T00:00:00,12-17yrs,,,3.79,2.36,5.35,,,5.60,4.65,7.63
660,2022-05-02T00:00:00,18-39yrs,,,4.59,3.93,10.51,,,10.13,9.42,22.09
661,2022-05-02T00:00:00,40-59yrs,,,6.62,5.24,10.55,,,9.94,10.75,21.99
662,2022-05-02T00:00:00,5-11yrs,,,3.05,2.37,0.00,,,5.51,7.45,-0.00
663,2022-05-02T00:00:00,60+,,,29.63,11.00,12.97,,,68.16,17.42,22.99
664,2022-05-02T00:00:00,ALL,,,5.94,4.72,11.39,,,10.41,9.86,22.09
665,2022-05-03T00:00:00,0-4yrs,,,8.30,0.00,0.00,,,8.91,0.00,0.00
666,2022-05-03T00:00:00,12-17yrs,,,3.15,3.00,1.19,,,5.41,4.74,6.67
667,2022-05-03T00:00:00,18-39yrs,,,6.81,5.09,12.40,,,9.86,9.30,21.77
668,2022-05-03T00:00:00,40-59yrs,,,6.39,4.99,12.99,,,9.45,10.55,21.70
669,2022-05-03T00:00:00,5-11yrs,,,2.59,3.08,0.00,,,5.19,6.87,0.00
670,2022-05-03T00:00:00,60+,,,52.84,10.65,14.40,,,66.69,17.23,22.61
671,2022-05-03T00:00:00,ALL,,,7.39,5.24,13.13,,,10.01,9.70,21.74
672,2022-05-04T00:00:00,0-4yrs,,,9.41,0.00,0.00,,,8.83,0.00,0.00
673,2022-05-04T00:00:00,12-17yrs,,,5.68,3.63,4.14,,,5.05,4.36,6.14
674,2022-05-04T00:00:00,18-39yrs,,,9.67,8.22,22.52,,,9.41,8.83,21.31
675,2022-05-04T00:00:00,40-59yrs,,,9.59,10.91,21.00,,,9.23,10.19,20.72
676,2022-05-04T00:00:00,5-11yrs,,,5.79,5.21,0.00,,,5.37,6.42,0.00
677,2022-05-04T00:00:00,60+,,,68.30,16.56,24.47,,,65.14,16.63,22.12
678,2022-05-04T00:00:00,ALL,,,10.29,8.97,22.40,,,9.81,9.25,21.10
679,2022-05-05T00:00:00,0-4yrs,,,8.02,0.00,0.00,,,8.60,0.00,0.00
680,2022-05-05T00:00:00,12-17yrs,,,5.68,5.05,8.25,,,4.69,4.16,6.29
681,2022-05-05T00:00:00,18-39yrs,,,9.68,8.77,22.71,,,8.83,8.02,19.96
682,2022-05-05T00:00:00,40-59yrs,,,8.00,10.09,23.87,,,8.32,9.51,19.49
683,2022-05-05T00:00:00,5-11yrs,,,4.27,6.39,0.00,,,4.81,5.76,0.00
684,2022-05-05T00:00:00,60+,,,107.2,17.90,26.68,,,67.50,16.01,21.21
685,2022-05-05T00:00:00,ALL,,,10.52,9.43,24.33,,,9.36,8.59,20.00
686,2022-05-06T00:00:00,0-4yrs,,,6.78,0.00,0.00,,,8.28,0.00,0.00
687,2022-05-06T00:00:00,12-17yrs,,,8.83,4.43,5.88,,,5.32,4.14,6.01
688,2022-05-06T00:00:00,18-39yrs,,,10.16,8.78,22.33,,,8.85,7.81,19.45
689,2022-05-06T00:00:00,40-59yrs,,,7.77,11.01,21.38,,,7.96,9.47,19.17
690,2022-05-06T00:00:00,5-11yrs,,,3.36,5.67,0.00,,,4.63,5.18,0.00
691,2022-05-06T00:00:00,60+,,,77.03,15.18,21.96,,,69.18,14.66,20.74
692,2022-05-06T00:00:00,ALL,,,9.29,9.21,21.50,,,9.27,8.29,19.57
693,2022-05-07T00:00:00,0-4yrs,,,7.47,0.00,0.00,,,7.94,0.00,0.00
694,2022-05-07T00:00:00,12-17yrs,,,3.78,3.32,7.03,,,5.23,3.90,5.91
695,2022-05-07T00:00:00,18-39yrs,,,7.46,8.18,19.43,,,8.31,7.34,18.58
696,2022-05-07T00:00:00,40-59yrs,,,8.46,8.68,18.98,,,7.64,8.71,18.55
697,2022-05-07T00:00:00,5-11yrs,,,5.04,5.43,0.00,,,4.44,4.73,-0.00
698,2022-05-07T00:00:00,60+,,,59.94,15.78,19.28,,,66.14,14.72,19.88
699,2022-05-07T00:00:00,ALL,,,8.51,8.27,18.94,,,8.85,7.83,18.80
700,2022-05-08T00:00:00,0-4yrs,,,6.36,0.00,0.00,,,7.61,0.00,0.00
701,2022-05-08T00:00:00,12-17yrs,,,5.67,2.69,4.09,,,5.23,3.50,5.13
702,2022-05-08T00:00:00,18-39yrs,,,8.42,6.67,17.85,,,8.11,7.09,18.25
703,2022-05-08T00:00:00,40-59yrs,,,8.00,8.11,16.05,,,7.83,8.43,17.83
704,2022-05-08T00:00:00,5-11yrs,,,3.98,5.65,0.00,,,4.01,4.83,0.00
705,2022-05-08T00:00:00,60+,,,58.99,12.82,19.58,,,64.85,14.27,19.91
706,2022-05-08T00:00:00,ALL,,,8.18,7.10,17.67,,,8.59,7.56,18.48
707,2022-05-09T00:00:00,0-4yrs,,,7.61,0.00,0.00,,,7.71,0.00,0.00
708,2022-05-09T00:00:00,12-17yrs,,,2.52,3.33,1.75,,,5.04,3.64,4.62
709,2022-05-09T00:00:00,18-39yrs,,,5.08,3.38,9.26,,,8.18,7.01,18.07
710,2022-05-09T00:00:00,40-59yrs,,,3.20,4.85,9.60,,,7.34,8.38,17.70
711,2022-05-09T00:00:00,5-11yrs,,,3.06,3.76,0.00,,,4.01,5.03,-0.00
712,2022-05-09T00:00:00,60+,,,48.76,10.60,12.96,,,67.58,14.21,19.90
713,2022-05-09T00:00:00,ALL,,,6.21,4.59,10.68,,,8.63,7.54,18.38
714,2022-05-10T00:00:00,0-4yrs,,,6.09,0.00,0.00,,,7.39,0.00,0.00
715,2022-05-10T00:00:00,12-17yrs,,,1.89,2.22,2.91,,,4.86,3.52,4.86
716,2022-05-10T00:00:00,18-39yrs,,,3.18,4.34,8.11,,,7.66,6.91,17.46
717,2022-05-10T00:00:00,40-59yrs,,,5.94,4.26,7.82,,,7.28,8.27,16.96
718,2022-05-10T00:00:00,5-11yrs,,,4.44,3.29,0.00,,,4.28,5.06,-0.00
719,2022-05-10T00:00:00,60+,,,45.60,8.38,9.75,,,66.55,13.89,19.24
720,2022-05-10T00:00:00,ALL,,,5.99,4.40,8.56,,,8.43,7.42,17.73
721,2022-05-11T00:00:00,0-4yrs,,,9.13,0.00,0.00,,,7.35,0.00,0.00
722,2022-05-11T00:00:00,12-17yrs,,,3.15,4.60,3.49,,,4.50,3.66,4.77
723,2022-05-11T00:00:00,18-39yrs,,,6.68,7.33,18.98,,,7.24,6.78,16.95
724,2022-05-11T00:00:00,40-59yrs,,,9.37,8.87,19.22,,,7.25,7.98,16.70
725,2022-05-11T00:00:00,5-11yrs,,,3.06,5.64,0.00,,,3.89,5.12,-0.00
726,2022-05-11T00:00:00,60+,,,55.45,9.52,16.52,,,64.71,12.88,18.10
727,2022-05-11T00:00:00,ALL,,,8.23,7.45,17.70,,,8.13,7.21,17.05
728,2022-05-12T00:00:00,0-4yrs,,,8.30,0.00,0.00,,,7.39,0.00,0.00
729,2022-05-12T00:00:00,12-17yrs,,,5.67,4.92,6.39,,,4.50,3.64,4.51
730,2022-05-12T00:00:00,18-39yrs,,,7.48,7.08,19.75,,,6.92,6.54,16.53
731,2022-05-12T00:00:00,40-59yrs,,,10.06,9.88,20.63,,,7.54,7.95,16.24
732,2022-05-12T00:00:00,5-11yrs,,,4.45,8.21,0.00,,,3.91,5.38,-0.00
733,2022-05-12T00:00:00,60+,,,46.19,14.77,18.39,,,55.99,12.44,16.92
734,2022-05-12T00:00:00,ALL,,,8.49,8.46,19.16,,,7.84,7.07,16.32
735,2022-05-13T00:00:00,0-4yrs,,,6.78,0.00,0.00,,,7.39,0.00,0.00
736,2022-05-13T00:00:00,12-17yrs,,,5.04,3.33,5.22,,,3.96,3.49,4.41
737,2022-05-13T00:00:00,18-39yrs,,,7.96,7.79,18.64,,,6.61,6.40,16.00
738,2022-05-13T00:00:00,40-59yrs,,,7.32,8.21,16.25,,,7.48,7.55,15.51
739,2022-05-13T00:00:00,5-11yrs,,,5.22,4.69,0.00,,,4.18,5.24,-0.00
740,2022-05-13T00:00:00,60+,,,46.39,14.43,18.04,,,51.62,12.33,16.36
741,2022-05-13T00:00:00,ALL,,,7.90,7.77,17.34,,,7.64,6.86,15.72
742,2022-05-14T00:00:00,0-4yrs,,,5.39,0.00,0.00,,,7.09,0.00,0.00
743,2022-05-14T00:00:00,12-17yrs,,,3.15,3.65,3.47,,,3.87,3.53,3.90
744,2022-05-14T00:00:00,18-39yrs,,,5.58,6.07,15.03,,,6.34,6.09,15.37
745,2022-05-14T00:00:00,40-59yrs,,,7.10,4.78,14.43,,,7.28,6.99,14.86
746,2022-05-14T00:00:00,5-11yrs,,,2.30,5.39,0.00,,,3.79,5.23,-0.00
747,2022-05-14T00:00:00,60+,,,47.78,9.01,14.97,,,49.88,11.36,15.74
748,2022-05-14T00:00:00,ALL,,,6.15,5.70,14.54,,,7.31,6.50,15.09
749,2022-05-15T00:00:00,0-4yrs,,,6.64,0.00,0.00,,,7.13,0.00,0.00
750,2022-05-15T00:00:00,12-17yrs,,,6.29,3.34,5.19,,,3.96,3.63,4.06
751,2022-05-15T00:00:00,18-39yrs,,,6.53,5.57,13.93,,,6.07,5.94,14.81
752,2022-05-15T00:00:00,40-59yrs,,,6.64,6.54,12.80,,,7.09,6.77,14.39
753,2022-05-15T00:00:00,5-11yrs,,,2.46,4.44,0.00,,,3.57,5.06,-0.00
754,2022-05-15T00:00:00,60+,,,33.54,11.28,16.26,,,46.24,11.14,15.27
755,2022-05-15T00:00:00,ALL,,,6.42,6.05,14.31,,,7.06,6.35,14.61
756,2022-05-16T00:00:00,0-4yrs,,,6.36,0.00,0.00,,,6.96,0.00,0.00
757,2022-05-16T00:00:00,12-17yrs,,,0.63,1.59,2.31,,,3.69,3.38,4.14
758,2022-05-16T00:00:00,18-39yrs,,,5.26,3.09,8.45,,,6.10,5.90,14.70
759,2022-05-16T00:00:00,40-59yrs,,,2.98,4.19,9.18,,,7.06,6.68,14.33
760,2022-05-16T00:00:00,5-11yrs,,,1.85,3.04,0.00,,,3.40,4.96,-0.00
761,2022-05-16T00:00:00,60+,,,33.73,9.02,11.46,,,44.10,10.92,15.06
762,2022-05-16T00:00:00,ALL,,,4.96,3.83,9.74,,,6.88,6.24,14.48
763,2022-05-17T00:00:00,0-4yrs,,,3.87,0.00,0.00,,,6.64,0.00,0.00
764,2022-05-17T00:00:00,12-17yrs,,,2.51,2.07,4.03,,,3.78,3.36,4.30
765,2022-05-17T00:00:00,18-39yrs,,,3.99,3.70,7.72,,,6.21,5.80,14.64
766,2022-05-17T00:00:00,40-59yrs,,,2.75,4.28,8.03,,,6.60,6.68,14.36
767,2022-05-17T00:00:00,5-11yrs,,,2.77,2.57,0.00,,,3.16,4.85,-0.00
768,2022-05-17T00:00:00,60+,,,58.29,6.96,10.20,,,45.91,10.71,15.12
769,2022-05-17T00:00:00,ALL,,,5.04,3.89,8.73,,,6.74,6.16,14.50
770,2022-05-18T00:00:00,0-4yrs,,,6.50,0.00,0.00,,,6.26,0.00,0.00
771,2022-05-18T00:00:00,12-17yrs,,,4.40,4.30,6.33,,,3.96,3.31,4.71
772,2022-05-18T00:00:00,18-39yrs,,,6.38,5.12,16.52,,,6.17,5.49,14.29
773,2022-05-18T00:00:00,40-59yrs,,,7.33,5.71,15.92,,,6.31,6.23,13.89
774,2022-05-18T00:00:00,5-11yrs,,,3.23,7.00,0.00,,,3.18,5.05,-0.00
775,2022-05-18T00:00:00,60+,,,66.06,8.30,13.52,,,47.43,10.54,14.69
776,2022-05-18T00:00:00,ALL,,,7.51,5.68,14.88,,,6.64,5.91,14.10
777,2022-05-19T00:00:00,0-4yrs,,,5.95,0.00,0.00,,,5.93,0.00,0.00
778,2022-05-19T00:00:00,12-17yrs,,,0.00,2.71,5.17,,,3.15,3.00,4.53
779,2022-05-19T00:00:00,18-39yrs,,,6.86,5.83,13.23,,,6.08,5.31,13.36
780,2022-05-19T00:00:00,40-59yrs,,,7.56,6.38,15.08,,,5.95,5.73,13.10
781,2022-05-19T00:00:00,5-11yrs,,,2.62,3.97,0.00,,,2.92,4.44,0.00
782,2022-05-19T00:00:00,60+,,,44.20,10.01,15.11,,,47.14,9.86,14.22
783,2022-05-19T00:00:00,ALL,,,6.43,5.85,14.37,,,6.34,5.54,13.42
784,2022-05-20T00:00:00,0-4yrs,,,4.70,0.00,0.00,,,5.63,0.00,0.00
785,2022-05-20T00:00:00,12-17yrs,,,3.77,2.39,3.44,,,2.96,2.86,4.28
786,2022-05-20T00:00:00,18-39yrs,,,3.83,5.47,13.59,,,5.49,4.98,12.64
787,2022-05-20T00:00:00,40-59yrs,,,4.81,6.55,13.22,,,5.60,5.49,12.67
788,2022-05-20T00:00:00,5-11yrs,,,1.69,3.97,0.00,,,2.42,4.34,-0.00
789,2022-05-20T00:00:00,60+,,,44.48,10.98,12.35,,,46.87,9.37,13.41
790,2022-05-20T00:00:00,ALL,,,4.93,5.81,12.74,,,5.92,5.26,12.76
791,2022-05-21T00:00:00,0-4yrs,,,4.98,0.00,0.00,,,5.57,0.00,0.00
792,2022-05-21T00:00:00,12-17yrs,,,3.77,1.75,2.87,,,3.05,2.59,4.19
793,2022-05-21T00:00:00,18-39yrs,,,4.63,4.21,11.86,,,5.35,4.71,12.19
794,2022-05-21T00:00:00,40-59yrs,,,6.19,5.55,10.27,,,5.47,5.60,12.07
795,2022-05-21T00:00:00,5-11yrs,,,1.39,2.56,0.00,,,2.29,3.94,0.00
796,2022-05-21T00:00:00,60+,,,42.08,10.80,11.23,,,46.05,9.62,12.88
797,2022-05-21T00:00:00,ALL,,,5.27,4.80,10.90,,,5.79,5.13,12.24
798,2022-05-22T00:00:00,0-4yrs,,,4.29,0.00,0.00,,,5.24,0.00,0.00
799,2022-05-22T00:00:00,12-17yrs,,,1.88,2.07,0.57,,,2.42,2.41,3.53
800,2022-05-22T00:00:00,18-39yrs,,,3.04,3.85,9.00,,,4.86,4.47,11.48
801,2022-05-22T00:00:00,40-59yrs,,,6.42,4.79,8.81,,,5.43,5.35,11.50
802,2022-05-22T00:00:00,5-11yrs,,,2.93,1.63,0.00,,,2.35,3.53,0.00
803,2022-05-22T00:00:00,60+,,,43.45,8.15,10.21,,,47.47,9.17,12.01
804,2022-05-22T00:00:00,ALL,,,5.05,4.13,9.23,,,5.60,4.86,11.51
805,2022-05-23T00:00:00,0-4yrs,,,3.87,0.00,0.00,,,4.88,0.00,0.00
806,2022-05-23T00:00:00,12-17yrs,,,1.25,0.48,1.72,,,2.51,2.25,3.45
807,2022-05-23T00:00:00,18-39yrs,,,2.56,1.98,4.26,,,4.47,4.31,10.88
808,2022-05-23T00:00:00,40-59yrs,,,2.29,2.19,6.26,,,5.34,5.06,11.08
809,2022-05-23T00:00:00,5-11yrs,,,1.70,3.26,0.00,,,2.33,3.57,-0.00
810,2022-05-23T00:00:00,60+,,,26.18,5.12,7.36,,,46.39,8.62,11.43
811,2022-05-23T00:00:00,ALL,,,3.29,2.30,6.07,,,5.36,4.64,10.99
812,2022-05-24T00:00:00,0-4yrs,,,2.77,0.00,0.00,,,4.72,0.00,0.00
813,2022-05-24T00:00:00,12-17yrs,,,1.25,0.96,0.57,,,2.33,2.09,2.95
814,2022-05-24T00:00:00,18-39yrs,,,2.24,2.03,5.10,,,4.22,4.07,10.51
815,2022-05-24T00:00:00,40-59yrs,,,2.75,1.85,6.08,,,5.34,4.72,10.81
816,2022-05-24T00:00:00,5-11yrs,,,1.23,1.86,0.00,,,2.11,3.46,-0.00
817,2022-05-24T00:00:00,60+,,,26.36,6.08,5.53,,,41.83,8.49,10.76
818,2022-05-24T00:00:00,ALL,,,2.88,2.28,5.47,,,5.05,4.41,10.52
819,2022-05-25T00:00:00,0-4yrs,,,4.01,0.00,0.00,,,4.37,0.00,0.00
820,2022-05-25T00:00:00,12-17yrs,,,0.00,1.60,0.57,,,1.70,1.71,2.13
821,2022-05-25T00:00:00,18-39yrs,,,2.40,2.79,6.24,,,3.65,3.74,9.04
822,2022-05-25T00:00:00,40-59yrs,,,4.13,3.45,5.15,,,4.88,4.39,9.27
823,2022-05-25T00:00:00,5-11yrs,,,1.39,0.93,0.00,,,1.85,2.60,-0.00
824,2022-05-25T00:00:00,60+,,,24.04,4.94,7.42,,,35.83,8.01,9.89
825,2022-05-25T00:00:00,ALL,,,3.37,2.87,6.24,,,4.46,4.01,9.29
826,2022-05-26T00:00:00,0-4yrs,,,4.29,0.00,0.00,,,4.13,0.00,0.00
827,2022-05-26T00:00:00,12-17yrs,,,1.25,1.44,5.14,,,1.88,1.53,2.13
828,2022-05-26T00:00:00,18-39yrs,,,4.96,4.21,14.03,,,3.38,3.51,9.15
829,2022-05-26T00:00:00,40-59yrs,,,2.98,4.71,11.98,,,4.22,4.16,8.82
830,2022-05-26T00:00:00,5-11yrs,,,0.93,6.05,0.00,,,1.61,2.89,-0.00
831,2022-05-26T00:00:00,60+,,,44.69,4.95,9.45,,,35.90,7.29,9.08
832,2022-05-26T00:00:00,ALL,,,4.42,4.22,11.33,,,4.17,3.77,8.85
833,2022-05-27T00:00:00,0-4yrs,,,3.46,0.00,0.00,,,3.95,0.00,0.00
834,2022-05-27T00:00:00,12-17yrs,,,3.13,2.39,3.42,,,1.79,1.53,2.12
835,2022-05-27T00:00:00,18-39yrs,,,4.64,3.10,10.18,,,3.50,3.17,8.67
836,2022-05-27T00:00:00,40-59yrs,,,4.36,3.96,9.16,,,4.16,3.79,8.24
837,2022-05-27T00:00:00,5-11yrs,,,2.01,2.79,0.00,,,1.65,2.73,-0.00
838,2022-05-27T00:00:00,60+,,,37.10,6.10,10.91,,,34.84,6.59,8.87
839,2022-05-27T00:00:00,ALL,,,4.50,3.52,9.99,,,4.11,3.45,8.46
840,2022-05-28T00:00:00,0-4yrs,,,2.90,0.00,0.00,,,3.66,0.00,0.00
841,2022-05-28T00:00:00,12-17yrs,,,3.13,1.76,6.26,,,1.70,1.53,2.61
842,2022-05-28T00:00:00,18-39yrs,,,4.33,3.76,10.33,,,3.45,3.10,8.45
843,2022-05-28T00:00:00,40-59yrs,,,3.67,4.04,8.54,,,3.80,3.57,8.00
844,2022-05-28T00:00:00,5-11yrs,,,2.62,3.49,0.00,,,1.83,2.86,-0.00
845,2022-05-28T00:00:00,60+,,,21.84,8.39,8.57,,,31.95,6.25,8.49
846,2022-05-28T00:00:00,ALL,,,3.86,4.05,8.97,,,3.91,3.34,8.19
847,2022-05-29T00:00:00,0-4yrs,,,2.35,0.00,0.00,,,3.38,0.00,0.00
848,2022-05-29T00:00:00,12-17yrs,,,1.88,1.60,1.14,,,1.70,1.46,2.69
849,2022-05-29T00:00:00,18-39yrs,,,3.21,3.00,8.25,,,3.48,2.98,8.34
850,2022-05-29T00:00:00,40-59yrs,,,4.82,4.80,7.57,,,3.57,3.57,7.82
851,2022-05-29T00:00:00,5-11yrs,,,1.70,2.55,0.00,,,1.65,2.99,0.00
852,2022-05-29T00:00:00,60+,,,29.71,4.20,8.43,,,29.99,5.68,8.24
853,2022-05-29T00:00:00,ALL,,,3.56,3.36,7.94,,,3.70,3.23,8.00
854,2022-05-30T00:00:00,0-4yrs,,,2.35,0.00,0.00,,,3.16,0.00,0.00
855,2022-05-30T00:00:00,12-17yrs,,,1.88,0.80,2.84,,,1.79,1.51,2.85
856,2022-05-30T00:00:00,18-39yrs,,,2.08,1.22,3.94,,,3.41,2.87,8.30
857,2022-05-30T00:00:00,40-59yrs,,,2.53,2.86,4.97,,,3.61,3.67,7.64
858,2022-05-30T00:00:00,5-11yrs,,,0.46,2.32,0.00,,,1.48,2.86,-0.00
859,2022-05-30T00:00:00,60+,,,19.44,3.82,5.31,,,29.03,5.50,7.95
860,2022-05-30T00:00:00,ALL,,,2.33,1.96,4.79,,,3.56,3.18,7.82
861,2022-05-31T00:00:00,0-4yrs,,,3.46,0.00,0.00,,,3.26,0.00,0.00
862,2022-05-31T00:00:00,12-17yrs,,,1.25,1.12,1.14,,,1.79,1.53,2.93
863,2022-05-31T00:00:00,18-39yrs,,,2.25,2.29,5.40,,,3.41,2.91,8.34
864,2022-05-31T00:00:00,40-59yrs,,,3.45,2.70,3.70,,,3.71,3.79,7.30
865,2022-05-31T00:00:00,5-11yrs,,,1.54,0.93,0.00,,,1.52,2.72,-0.00
866,2022-05-31T00:00:00,60+,,,20.90,4.20,5.31,,,28.25,5.23,7.91
867,2022-05-31T00:00:00,ALL,,,3.08,2.32,4.73,,,3.59,3.19,7.71
868,2022-06-01T00:00:00,0-4yrs,,,5.26,0.00,0.00,,,3.44,0.00,0.00
869,2022-06-01T00:00:00,12-17yrs,,,4.38,1.76,1.13,,,2.41,1.55,3.01
870,2022-06-01T00:00:00,18-39yrs,,,5.62,4.47,10.73,,,3.87,3.15,8.98
871,2022-06-01T00:00:00,40-59yrs,,,4.37,4.47,7.96,,,3.74,3.93,7.70
872,2022-06-01T00:00:00,5-11yrs,,,2.01,2.78,409.8,,,1.61,2.99,58.54
873,2022-06-01T00:00:00,60+,,,27.67,5.55,7.71,,,28.76,5.32,7.96
874,2022-06-01T00:00:00,ALL,,,4.99,4.08,8.44,,,3.82,3.36,8.03
875,2022-06-02T00:00:00,0-4yrs,,,4.29,0.00,0.00,,,3.44,0.00,0.00
876,2022-06-02T00:00:00,12-17yrs,,,2.50,2.40,2.27,,,2.59,1.69,2.60
877,2022-06-02T00:00:00,18-39yrs,,,4.01,3.51,8.40,,,3.73,3.05,8.18
878,2022-06-02T00:00:00,40-59yrs,,,4.14,2.95,9.50,,,3.91,3.68,7.34
879,2022-06-02T00:00:00,5-11yrs,,,1.24,2.09,0.00,,,1.65,2.42,58.54
880,2022-06-02T00:00:00,60+,,,35.90,7.46,9.84,,,27.51,5.67,8.01
881,2022-06-02T00:00:00,ALL,,,4.24,3.53,9.17,,,3.79,3.26,7.72
882,2022-06-03T00:00:00,0-4yrs,,,2.90,0.00,0.00,,,3.36,0.00,0.00
883,2022-06-03T00:00:00,12-17yrs,,,3.13,1.12,3.40,,,2.59,1.51,2.60
884,2022-06-03T00:00:00,18-39yrs,,,4.66,3.61,8.29,,,3.74,3.12,7.91
885,2022-06-03T00:00:00,40-59yrs,,,2.53,3.63,7.43,,,3.64,3.64,7.10
886,2022-06-03T00:00:00,5-11yrs,,,2.47,2.32,0.00,,,1.72,2.35,58.54
887,2022-06-03T00:00:00,60+,,,25.45,3.45,7.81,,,25.84,5.30,7.57
888,2022-06-03T00:00:00,ALL,,,3.79,3.15,7.71,,,3.69,3.21,7.39
889,2022-06-04T00:00:00,0-4yrs,,,4.29,0.00,0.00,,,3.56,0.00,0.00
890,2022-06-04T00:00:00,12-17yrs,,,2.50,1.60,3.39,,,2.50,1.49,2.19
891,2022-06-04T00:00:00,18-39yrs,,,3.70,3.35,7.56,,,3.65,3.06,7.51
892,2022-06-04T00:00:00,40-59yrs,,,2.99,2.87,7.38,,,3.55,3.47,6.93
893,2022-06-04T00:00:00,5-11yrs,,,2.01,2.55,0.00,,,1.63,2.22,58.54
894,2022-06-04T00:00:00,60+,,,17.49,8.06,6.25,,,25.22,5.25,7.24
895,2022-06-04T00:00:00,ALL,,,3.65,3.45,6.88,,,3.66,3.12,7.09
896,2022-06-05T00:00:00,0-4yrs,,,1.94,0.00,0.00,,,3.50,0.00,0.00
897,2022-06-05T00:00:00,12-17yrs,,,0.62,1.60,1.69,,,2.32,1.49,2.27
898,2022-06-05T00:00:00,18-39yrs,,,2.25,2.95,7.04,,,3.51,3.06,7.34
899,2022-06-05T00:00:00,40-59yrs,,,2.99,2.70,6.11,,,3.29,3.17,6.72
900,2022-06-05T00:00:00,5-11yrs,,,0.77,0.93,0.00,,,1.50,1.99,58.54
901,2022-06-05T00:00:00,60+,,,17.55,4.41,5.57,,,23.49,5.28,6.83
902,2022-06-05T00:00:00,ALL,,,2.26,2.68,6.03,,,3.48,3.02,6.82
903,2022-06-06T00:00:00,0-4yrs,,,2.77,0.00,0.00,,,3.56,0.00,0.00
904,2022-06-06T00:00:00,12-17yrs,,,1.87,0.64,1.13,,,2.32,1.46,2.02
905,2022-06-06T00:00:00,18-39yrs,,,1.93,1.47,3.63,,,3.49,3.09,7.29
906,2022-06-06T00:00:00,40-59yrs,,,2.30,1.69,3.65,,,3.25,3.00,6.53
907,2022-06-06T00:00:00,5-11yrs,,,1.39,0.69,0.00,,,1.63,1.76,58.54
908,2022-06-06T00:00:00,60+,,,19.04,2.30,4.80,,,23.43,5.06,6.76
909,2022-06-06T00:00:00,ALL,,,2.56,1.44,4.04,,,3.51,2.95,6.71
910,2022-06-07T00:00:00,0-4yrs,,,3.60,0.00,0.00,,,3.58,0.00,0.00
911,2022-06-07T00:00:00,12-17yrs,,,0.62,1.12,4.52,,,2.23,1.46,2.50
912,2022-06-07T00:00:00,18-39yrs,,,2.41,1.27,3.94,,,3.51,2.95,7.08
913,2022-06-07T00:00:00,40-59yrs,,,2.99,2.19,3.56,,,3.19,2.93,6.51
914,2022-06-07T00:00:00,5-11yrs,,,1.70,1.85,0.00,,,1.66,1.89,58.54
915,2022-06-07T00:00:00,60+,,,16.46,2.69,4.15,,,22.79,4.85,6.59
916,2022-06-07T00:00:00,ALL,,,2.93,1.69,3.92,,,3.49,2.86,6.60
917,2022-06-08T00:00:00,0-4yrs,,,5.12,0.00,0.00,,,3.56,0.00,0.00
918,2022-06-08T00:00:00,12-17yrs,,,2.50,2.40,3.39,,,1.96,1.55,2.83
919,2022-06-08T00:00:00,18-39yrs,,,4.34,3.10,9.37,,,3.33,2.75,6.89
920,2022-06-08T00:00:00,40-59yrs,,,4.37,3.97,8.92,,,3.19,2.86,6.65
921,2022-06-08T00:00:00,5-11yrs,,,2.17,5.09,0.00,,,1.68,2.22,0.00
922,2022-06-08T00:00:00,60+,,,19.26,5.18,7.02,,,21.59,4.79,6.49
923,2022-06-08T00:00:00,ALL,,,4.33,3.64,8.14,,,3.39,2.80,6.56
924,2022-06-09T00:00:00,0-4yrs,,,2.21,0.00,0.00,,,3.26,0.00,0.00
925,2022-06-09T00:00:00,12-17yrs,,,2.50,1.12,1.69,,,1.96,1.37,2.74
926,2022-06-09T00:00:00,18-39yrs,,,4.02,3.00,7.71,,,3.33,2.68,6.79
927,2022-06-09T00:00:00,40-59yrs,,,1.84,3.71,7.73,,,2.86,2.97,6.40
928,2022-06-09T00:00:00,5-11yrs,,,0.46,1.62,0.00,,,1.57,2.15,0.00
929,2022-06-09T00:00:00,60+,,,42.90,4.61,7.19,,,22.59,4.39,6.11
930,2022-06-09T00:00:00,ALL,,,3.27,2.98,7.36,,,3.26,2.72,6.30
931,2022-06-10T00:00:00,0-4yrs,,,4.29,0.00,0.00,,,3.46,0.00,0.00
932,2022-06-10T00:00:00,12-17yrs,,,1.25,2.08,3.94,,,1.69,1.51,2.82
933,2022-06-10T00:00:00,18-39yrs,,,2.58,3.05,8.07,,,3.03,2.60,6.76
934,2022-06-10T00:00:00,40-59yrs,,,1.84,2.62,7.16,,,2.76,2.82,6.36
935,2022-06-10T00:00:00,5-11yrs,,,1.39,2.32,0.00,,,1.41,2.15,0.00
936,2022-06-10T00:00:00,60+,,,18.97,5.77,5.98,,,21.67,4.72,5.85
937,2022-06-10T00:00:00,ALL,,,3.01,3.05,6.84,,,3.14,2.70,6.17
938,2022-06-11T00:00:00,0-4yrs,,,2.49,0.00,0.00,,,3.20,0.00,0.00
939,2022-06-11T00:00:00,12-17yrs,,,1.25,1.28,2.25,,,1.52,1.46,2.66
940,2022-06-11T00:00:00,18-39yrs,,,3.70,3.10,8.33,,,3.03,2.56,6.87
941,2022-06-11T00:00:00,40-59yrs,,,2.99,3.46,6.24,,,2.76,2.91,6.20
942,2022-06-11T00:00:00,5-11yrs,,,1.86,1.16,0.00,,,1.39,1.95,0.00
943,2022-06-11T00:00:00,60+,,,29.96,3.85,6.88,,,23.45,4.12,5.94
944,2022-06-11T00:00:00,ALL,,,3.39,2.86,6.95,,,3.11,2.62,6.18
945,2022-06-12T00:00:00,0-4yrs,,,3.04,0.00,0.00,,,3.36,0.00,0.00
946,2022-06-12T00:00:00,12-17yrs,,,2.49,1.44,1.69,,,1.78,1.44,2.66
947,2022-06-12T00:00:00,18-39yrs,,,1.61,2.70,5.90,,,2.94,2.53,6.71
948,2022-06-12T00:00:00,40-59yrs,,,1.61,1.86,5.89,,,2.56,2.79,6.16
949,2022-06-12T00:00:00,5-11yrs,,,0.62,1.39,0.00,,,1.37,2.02,0.00
950,2022-06-12T00:00:00,60+,,,23.20,3.08,6.21,,,24.26,3.93,6.03
951,2022-06-12T00:00:00,ALL,,,2.41,2.24,5.92,,,3.13,2.56,6.17
952,2022-06-13T00:00:00,0-4yrs,,,1.24,0.00,0.00,,,3.14,0.00,0.00
953,2022-06-13T00:00:00,12-17yrs,,,0.62,0.32,0.00,,,1.60,1.39,2.50
954,2022-06-13T00:00:00,18-39yrs,,,1.77,1.48,3.67,,,2.92,2.53,6.71
955,2022-06-13T00:00:00,40-59yrs,,,1.84,1.18,3.07,,,2.50,2.71,6.08
956,2022-06-13T00:00:00,5-11yrs,,,0.31,1.16,0.00,,,1.22,2.08,0.00
957,2022-06-13T00:00:00,60+,,,20.59,3.47,3.04,,,24.48,4.09,5.78
958,2022-06-13T00:00:00,ALL,,,1.73,1.44,3.14,,,3.01,2.56,6.04
959,2022-06-14T00:00:00,0-4yrs,,,2.63,0.00,0.00,,,3.00,0.00,0.00
960,2022-06-14T00:00:00,12-17yrs,,,0.00,0.64,1.69,,,1.52,1.33,2.09
961,2022-06-14T00:00:00,18-39yrs,,,2.26,1.17,4.03,,,2.90,2.51,6.73
962,2022-06-14T00:00:00,40-59yrs,,,1.61,1.77,3.69,,,2.30,2.65,6.10
963,2022-06-14T00:00:00,5-11yrs,,,0.77,1.39,0.00,,,1.08,2.02,0.00
964,2022-06-14T00:00:00,60+,,,23.53,2.70,3.51,,,25.49,4.09,5.69
965,2022-06-14T00:00:00,ALL,,,2.33,1.44,3.66,,,2.92,2.52,6.00
966,2022-06-15T00:00:00,0-4yrs,,,2.21,0.00,0.00,,,2.59,0.00,0.00
967,2022-06-15T00:00:00,12-17yrs,,,0.62,1.12,5.05,,,1.25,1.14,2.33
968,2022-06-15T00:00:00,18-39yrs,,,3.22,2.44,8.84,,,2.74,2.42,6.65
969,2022-06-15T00:00:00,40-59yrs,,,2.99,1.52,6.89,,,2.10,2.30,5.81
970,2022-06-15T00:00:00,5-11yrs,,,1.55,2.77,0.00,,,0.99,1.69,0.00
971,2022-06-15T00:00:00,60+,,,29.31,3.66,6.58,,,26.92,3.88,5.63
972,2022-06-15T00:00:00,ALL,,,3.05,2.20,7.23,,,2.74,2.32,5.87
973,2022-06-16T00:00:00,0-4yrs,,,2.49,0.00,0.00,,,2.63,0.00,0.00
974,2022-06-16T00:00:00,12-17yrs,,,1.87,0.48,3.93,,,1.16,1.05,2.65
975,2022-06-16T00:00:00,18-39yrs,,,2.10,2.60,7.91,,,2.46,2.36,6.68
976,2022-06-16T00:00:00,40-59yrs,,,3.22,3.89,7.16,,,2.30,2.33,5.73
977,2022-06-16T00:00:00,5-11yrs,,,0.93,3.70,0.00,,,1.06,1.98,0.00
978,2022-06-16T00:00:00,60+,,,21.06,3.47,6.17,,,23.80,3.71,5.48
979,2022-06-16T00:00:00,ALL,,,2.60,2.84,6.88,,,2.65,2.30,5.80
980,2022-06-17T00:00:00,0-4yrs,,,4.01,0.00,0.00,,,2.59,0.00,0.00
981,2022-06-17T00:00:00,12-17yrs,,,0.62,0.80,1.12,,,1.07,0.87,2.25
982,2022-06-17T00:00:00,18-39yrs,,,3.55,3.56,10.18,,,2.60,2.44,6.98
983,2022-06-17T00:00:00,40-59yrs,,,2.30,2.20,7.07,,,2.37,2.27,5.72
984,2022-06-17T00:00:00,5-11yrs,,,0.77,2.08,0.00,,,0.97,1.95,0.00
985,2022-06-17T00:00:00,60+,,,18.36,3.48,6.71,,,23.72,3.39,5.59
986,2022-06-17T00:00:00,ALL,,,3.01,2.71,7.60,,,2.65,2.25,5.91
987,2022-06-18T00:00:00,0-4yrs,,,4.01,0.00,0.00,,,2.80,0.00,0.00
988,2022-06-18T00:00:00,12-17yrs,,,0.62,1.13,2.24,,,0.98,0.85,2.25
989,2022-06-18T00:00:00,18-39yrs,,,4.52,1.99,5.37,,,2.72,2.28,6.56
990,2022-06-18T00:00:00,40-59yrs,,,2.30,1.86,5.57,,,2.27,2.04,5.62
991,2022-06-18T00:00:00,5-11yrs,,,0.00,0.92,0.00,,,0.71,1.92,-0.00
992,2022-06-18T00:00:00,60+,,,18.43,4.64,7.08,,,22.07,3.50,5.61
993,2022-06-18T00:00:00,ALL,,,3.05,2.03,6.05,,,2.60,2.13,5.78
994,2022-06-19T00:00:00,0-4yrs,,,2.07,0.00,0.00,,,2.67,0.00,0.00
995,2022-06-19T00:00:00,12-17yrs,,,2.49,1.29,1.12,,,0.98,0.83,2.16
996,2022-06-19T00:00:00,18-39yrs,,,1.94,2.09,5.32,,,2.77,2.19,6.47
997,2022-06-19T00:00:00,40-59yrs,,,2.77,2.62,4.48,,,2.43,2.15,5.42
998,2022-06-19T00:00:00,5-11yrs,,,0.47,2.54,0.00,,,0.69,2.08,-0.00
999,2022-06-19T00:00:00,60+,,,29.85,4.64,5.90,,,23.02,3.72,5.57
1000,2022-06-19T00:00:00,ALL,,,2.53,2.44,5.19,,,2.61,2.16,5.68
1001,2022-06-20T00:00:00,0-4yrs,,,1.80,0.00,0.00,,,2.75,0.00,0.00
1002,2022-06-20T00:00:00,12-17yrs,,,0.00,0.64,1.68,,,0.89,0.87,2.40
1003,2022-06-20T00:00:00,18-39yrs,,,0.48,1.17,3.31,,,2.58,2.15,6.42
1004,2022-06-20T00:00:00,40-59yrs,,,2.30,1.35,3.34,,,2.50,2.17,5.46
1005,2022-06-20T00:00:00,5-11yrs,,,0.62,1.38,0.00,,,0.73,2.11,-0.00
1006,2022-06-20T00:00:00,60+,,,22.83,2.71,3.47,,,23.34,3.61,5.63
1007,2022-06-20T00:00:00,ALL,,,1.73,1.33,3.34,,,2.61,2.14,5.71
1008,2022-06-21T00:00:00,0-4yrs,,,1.94,0.00,0.00,,,2.65,0.00,0.00
1009,2022-06-21T00:00:00,12-17yrs,,,0.00,0.97,3.91,,,0.89,0.92,2.72
1010,2022-06-21T00:00:00,18-39yrs,,,3.71,0.87,4.85,,,2.79,2.10,6.54
1011,2022-06-21T00:00:00,40-59yrs,,,4.84,1.27,4.52,,,2.96,2.10,5.58
1012,2022-06-21T00:00:00,5-11yrs,,,1.86,1.84,0.00,,,0.89,2.18,-0.00
1013,2022-06-21T00:00:00,60+,,,21.59,4.06,4.35,,,23.06,3.81,5.75
1014,2022-06-21T00:00:00,ALL,,,3.21,1.42,4.52,,,2.74,2.14,5.83
1015,2022-06-22T00:00:00,0-4yrs,,,2.07,0.00,0.00,,,2.63,0.00,0.00
1016,2022-06-22T00:00:00,12-17yrs,,,0.62,0.97,3.35,,,0.89,0.90,2.48
1017,2022-06-22T00:00:00,18-39yrs,,,2.74,1.58,8.93,,,2.72,1.98,6.55
1018,2022-06-22T00:00:00,40-59yrs,,,1.84,2.71,7.33,,,2.80,2.27,5.64
1019,2022-06-22T00:00:00,5-11yrs,,,1.40,2.54,0.00,,,0.86,2.14,-0.00
1020,2022-06-22T00:00:00,60+,,,30.50,4.64,7.04,,,23.23,3.95,5.82
1021,2022-06-22T00:00:00,ALL,,,2.68,2.20,7.54,,,2.69,2.14,5.87
1022,2022-06-23T00:00:00,0-4yrs,,,3.73,0.00,0.00,,,2.80,0.00,0.00
1023,2022-06-23T00:00:00,12-17yrs,,,0.00,1.29,2.79,,,0.62,1.01,2.32
1024,2022-06-23T00:00:00,18-39yrs,,,4.20,2.39,8.93,,,3.02,1.95,6.70
1025,2022-06-23T00:00:00,40-59yrs,,,0.92,3.21,8.42,,,2.47,2.17,5.82
1026,2022-06-23T00:00:00,5-11yrs,,,1.55,1.38,0.00,,,0.95,1.81,-0.00
1027,2022-06-23T00:00:00,60+,,,21.91,5.03,8.69,,,23.35,4.17,6.18
1028,2022-06-23T00:00:00,ALL,,,3.09,2.65,8.53,,,2.76,2.11,6.11
