_id,Track Name,Artists,Album Name,Album ID,Track ID,Popularity,Release Date,Duration (ms),Explicit,External URLs,Danceability,Energy,Key,Loudness,Mode,Speechiness,Acousticness,Instrumentalness,Liveness,Valence,Tempo
1,that,Kathleen Mitchell,difficult,507c15fa-a79a-4e4d-a3e4-20d2241dc370,09d2c5d2-50b4-4b6a-8c39-dc1fe7580f69,81,2023-07-14,190066,True,http://baker.biz/,0.6231554099464092,0.8392288462845982,3,-4.477485909462669,0,0.43006994166638635,0.8820481565929337,0.31868487544973123,0.6118771827636426,0.3863488249797785,160.34438377350082
2,prove,Rhonda Miller,whatever,af8fea55-4eea-46c8-b560-47ccd6f834f6,0c062171-bfe0-4097-8eb2-e93eba2c68b9,14,2022-05-20,191938,True,http://bonilla.com/,0.6633874762655443,0.6213356565861579,10,-9.067907987184775,1,0.888091021988493,0.6429918306715661,0.099083124393048,0.6939806410407938,0.4503543806404181,154.55527558510056
3,TV,Samuel Ford,free,335935f0-0082-4ce0-992f-b649b8aaffc8,950fe81e-f3b4-4d84-b043-aaac1376eec8,3,2023-03-22,260666,True,https://woods.org/,0.12462531566436774,0.23854494188890585,3,-0.07742860604780333,1,0.4138135711769134,0.9865319477358593,0.7147042725232294,0.9986288435101524,0.5498570895174195,82.35739583069866
4,fill,Maureen Garcia,fear,b5643193-655c-4071-a6a6-e0077099bc04,71980268-d078-4d45-adfd-153b2d3ae696,94,2022-05-08,166653,False,https://wright-garcia.info/,0.9000468350970914,0.47356106094612804,4,-0.87070121515832,0,0.8274192247800447,0.3232082416433607,0.33529035591617695,0.2001783409911202,0.8253113179586135,149.88038417291466
5,focus,Jeremy Kim,choice,672c66f3-3516-4b8e-8d2f-cf42c4a74aa2,1618352f-3352-45e6-acd9-8d33ea6d4112,35,2023-01-03,250864,True,http://www.lee.com/,0.5071225040352692,0.11438944610930657,10,-5.385521058212166,1,0.3987301842569533,0.9709730642081603,0.14604930682182005,0.13572841773052724,0.6232415786415236,164.67488222662183
6,physical,Emily Cook,should,a2fe5a00-0edb-4d75-aeed-eb670e5d0a19,97562990-d367-4745-a28b-533bba92561d,31,2022-03-30,250039,True,https://www.brown-harper.com/,0.6668929041057297,0.9477570222166518,1,-8.825338509104425,0,0.7296125076345044,0.3161388944905802,0.03830319111704372,0.07405203917654368,0.6110431411773787,94.73603714413329
7,live,John Bishop,nearly,3bcda203-5e0e-46de-bddb-7872bd0922bd,15f54e0c-96fa-4c02-b66d-a9ee96aa1a99,28,2022-08-19,272696,False,http://www.collins.com/,0.32618290485739987,0.46503398343522073,2,-1.6785682623109874,0,0.312548349997133,0.439762816341864,0.9173961716127513,0.17265636398404105,0.12866339068921517,64.49594111079023
8,eight,Annette Gonzalez,television,46d7d779-88e6-41f1-bd0b-806e9b4bdab2,e77c0819-59b5-4d22-9d09-662636fda34c,17,2022-09-23,288704,True,https://casey-shelton.com/,0.697208414194399,0.2562436965621866,3,-5.016244952928047,1,0.3125235711418678,0.4689210835263733,0.4724549330478309,0.7133698943638145,0.09668148602473514,95.80706527944969
9,well,Anthony Porter,value,538a54a3-9453-4c92-8022-fbcc3194ea50,ccc1dff0-b7b1-459f-8be4-259e3473b01d,94,2022-05-17,215906,True,http://estrada.net/,0.5544124776667937,0.3688951743229414,2,-2.833966740082089,1,0.2548897964827792,0.6313851200254293,0.8311104859321764,0.9972624040230418,0.37319833632482,132.3339558607048
10,final,Bobby Flores,knowledge,9c81d6fd-b69a-4670-b066-e97ab49708d4,5088df5d-cfe1-49d8-8e3c-ec3b37b5adae,13,2020-12-23,295024,True,https://castro.com/,0.19184009299014748,0.6058926925603113,8,-4.911279849304883,1,0.9535925176191249,0.7963296791514282,0.7588411547656072,0.8105132183576319,0.9867876644364394,171.41458152204206
11,Republican,Derek Moreno,now,11f6d239-246e-4ca6-bc8f-08e5cf0af005,8838bc87-9c95-45ac-be0a-f966a61ec205,86,2023-04-10,153009,True,http://www.kennedy-riddle.com/,0.6649294342127715,0.9637347441012087,1,-7.265751032867258,0,0.6868210354669767,0.591419756831021,0.4691101271554937,0.9675612363630623,0.5578318382721287,100.20505364349036
12,most,Charles Martin,report,43e61780-fb30-4b5e-8d1f-dfbe9a80775c,7e764b73-85f0-4dd5-a17d-ef45d15f4f33,94,2021-08-08,180029,True,http://ramirez-wilson.biz/,0.37914527712254176,0.7183572285960083,2,-1.6527605442330557,0,0.4742678855891027,0.3519422226200766,0.6153482571635484,0.986574659642486,0.36560637321297207,114.5218893788154
13,lawyer,Erica Long,strategy,d05e3f1d-c6a4-4396-b7fc-c5bf3d349a94,9cd4ca79-4132-46fb-9390-ff26772056d4,69,2022-09-12,290763,True,https://rich.com/,0.74813456015889,0.7777918861754326,0,-0.19755367396624557,0,0.09122478836604864,0.07419065617328768,0.9058574891032708,0.6678397904889679,0.1442673593689343,136.9574891417925
14,information,Catherine Moran,final,505f8553-f0b2-4634-92e2-c20259c45745,d6bc37a7-a0b3-4a3a-8ab0-3cd4ccd9c61c,11,2021-05-27,219946,True,https://www.cooper-brown.info/,0.17402734320994395,0.16376581016719916,6,-7.562690939248617,1,0.0853643573316194,0.4617424864464541,0.01900388491097038,0.7095404868195881,0.6024629511618801,122.91822418026246
15,poor,Marissa Lopez,home,1a020bc1-1d41-4aa2-9bc1-8dc04c43c52e,70988734-0d37-4ef1-b970-b1ae5c41a138,75,2021-05-16,239174,False,http://www.phillips-jones.com/,0.5691052548658093,0.31103891959859986,7,-4.487349231195303,1,0.43187651855174025,0.037607245571092074,0.21565474446835442,0.5499971474868905,0.4013870842760645,166.71119565238996
16,industry,Jose Reed,less,44dfe890-e926-462b-bef7-ff5f3398d0e0,aa3a0a87-44c9-4302-b426-d80302f439aa,54,2021-01-20,179242,True,https://dyer.com/,0.40607516875816285,0.5786847325092436,11,-6.164139867528501,0,0.744588969191879,0.3687375994898128,0.14951961896422683,0.2903622827778136,0.040254906157429104,76.10399352108813
17,rock,Jennifer Sherman,drive,51db3783-045f-421d-bf47-3c953a8c1569,a4c12762-93d3-4a95-ba16-45b5efb5d5d1,4,2023-08-22,226939,True,http://www.perez.biz/,0.8337251693040575,0.9288871684071216,9,-0.7813185006843817,1,0.3726468593759036,0.2870770326013192,0.9402259493413179,0.2999566782367382,0.03891396624622023,120.50552082182833
18,road,Kelly Gonzales,cost,222460f5-f467-4691-96b6-40148842e1f1,cd65558c-667a-4c8d-8f66-e615427c34e6,3,2023-06-19,263971,True,http://www.conner.com/,0.3038749492683538,0.5757967284124141,7,-4.91759108407106,1,0.13011545357384335,0.6446664695758374,0.6088800991160535,0.1575052493200384,0.7135918463248067,92.7404497797591
19,police,Natasha Lyons,to,0c486e0a-c23c-4692-8b60-65194513e739,971f3b26-2d86-4c98-b9e7-322c5b4fc306,11,2023-04-27,191460,True,http://www.whitehead-davis.com/,0.2101826848826419,0.9080261510474446,4,-1.2067374485352396,1,0.05998097797084656,0.9773685325331491,0.4232547589479897,0.7095637912103865,0.803965855194212,157.05766538916237
20,TV,Charles Hansen,PM,60979858-3d3a-47e1-b43e-2802b147a0c7,047254a5-7d93-4de7-96df-f709eaccdb2b,27,2022-11-11,268940,False,https://gomez.info/,0.7857588274775801,0.37530695942531844,0,-1.3597306557141184,1,0.9566246238469065,0.0902965040133028,0.7761726326353965,0.7002192559666933,0.5193327103330833,99.68209161981426
21,court,Benjamin Graham,culture,1b4175d7-ed33-4055-a01b-cd4b5f2aca1a,e2f32750-4639-4af5-8c9e-77bb5cd7d477,29,2022-01-26,150850,False,http://bean-oliver.net/,0.6066615704797627,0.9414705985413097,3,-7.23752597177959,0,0.5616833815697281,0.5940798186292336,0.23764022664093365,0.17409100974870007,0.14894066457644484,147.73430805705289
22,staff,Tiffany Baird,avoid,a1280b70-ce1f-4993-acef-01acbd449fab,84b72d20-5696-4445-875c-b7f5d0887ca8,64,2023-06-11,219045,False,http://www.adams.org/,0.32224922973653813,0.1983297770917153,4,-2.0999381799688654,1,0.6700132647322958,0.3844824765824649,0.12184834515861753,0.36149218312468934,0.8931316920780072,137.794240645109
23,administration,Zachary Brown,guess,bc5dde2f-0878-4b03-82e6-5942dd22a3a7,2a549e68-a110-47f7-9eb7-587deb8e819f,77,2023-09-24,281225,True,http://www.bird.biz/,0.44178601683795293,0.5920978612498522,11,-5.850575764486549,0,0.4108086329221582,0.5803294074111905,0.23843950345982268,0.22424161524595654,0.1397809857723552,146.23178081470644
24,prevent,Charles Foster,method,3141da59-853f-4927-aed1-6c97174d083c,ff3bbf17-fd76-4cd6-a195-75834c4a11dc,3,2020-11-22,196832,False,http://www.hale.com/,0.6756272331900999,0.8305716337803184,4,-0.6575160631747998,0,0.8736073722343185,0.9542314767227902,0.6389517321728103,0.9851325467301932,0.9313687355299899,61.69010347421577
25,wonder,Jason Henson,support,45aaf1ed-5d88-4220-af4b-dd667db30b91,6dbca013-fd00-4755-9c8e-03d31e3301a6,71,2020-06-04,283085,True,http://robertson.com/,0.5111739968745871,0.24284938053713212,11,-4.922623241903436,0,0.9411298688522297,0.7389210454812405,0.6228105683409692,0.7920656736111408,0.31853003175930705,100.45346151957004
26,right,Donna Hancock,career,ecf028cf-b3ff-4854-85f4-c338c285e68a,9b513040-88ef-4df5-a3db-65de86641604,25,2022-05-03,177894,False,https://mcdaniel.biz/,0.793735399106002,0.6971930024957722,7,-1.794505268144217,1,0.4229368557638834,0.041022713852924775,0.06280715101106382,0.2367361842868705,0.3929545878664831,95.40291091899384
27,move,Danielle Vargas,establish,f2fbf7d6-9293-4f14-bdec-aa97d29fbd97,95fda84f-b2fe-4e33-a619-c7b9b227b550,91,2023-11-14,228235,False,https://www.ballard-murphy.com/,0.9598320036830362,0.301582685487667,1,-7.171610167171734,1,0.9158436709721437,0.9090499565736645,0.8366877206053353,0.49402193744692224,0.6165004874715161,140.92813678736934
28,grow,Natalie Rose,bank,67383d58-a45d-4386-b0ca-bd5ccd097132,b43896cc-b018-4ef5-8276-bc398a3449ed,83,2020-12-19,283080,True,https://spencer.com/,0.7359614459402217,0.6842590391666562,10,-7.014441502282328,0,0.051446079972376046,0.5716566864538003,0.4998292222376096,0.36089652444438214,0.8426019273641283,83.17935452654503
29,director,Mark Cross,individual,1447ab98-8676-4f26-81f9-4eae4fec46f5,89fa8f4c-5b6c-435e-b238-0895f8bfe78c,89,2020-11-22,202143,False,http://holmes-mcmillan.net/,0.6588507449984218,0.8055279636461664,3,-4.130622775858389,1,0.28762940764732725,0.18823946506922506,0.5360537843140613,0.5722774071165261,0.5937246556309868,133.31453995956167
30,hear,Anthony Nelson,but,bfe5d587-2295-46aa-8e58-56bb30ede6f2,e6a267f0-233f-48dc-8636-c863e3a89dd0,69,2020-04-23,190065,False,https://levine-nixon.com/,0.28378640499302743,0.796227216600212,4,-0.010976667706612986,0,0.31244889908765394,0.6050058340700643,0.6319549420131424,0.4674058392916748,0.5073149862012966,136.64709529016264
31,word,James Schaefer,if,62139c08-9c62-4efc-a4bf-d2e46b78974e,9af25a8a-6364-4fba-8a54-3a10578fbb3f,53,2020-06-14,248019,False,https://rose.net/,0.6638538363049987,0.5659325553673159,10,-5.10359653344299,1,0.1036005659246334,0.5013673018728276,0.5750474575306336,0.9830119576427857,0.5097141007508325,108.65884497194571
32,stock,Timothy Church,where,2deea429-c32d-4b50-b74c-a8cfdbc8ad88,541dc018-7616-42c8-93db-5d8163a18de7,28,2023-07-06,192349,True,http://martin.org/,0.6192608053623755,0.04106913020613612,9,-8.514045816172109,0,0.5074125469680041,0.957722358866585,0.7185443277923527,0.12977122971377042,0.4898466520662591,111.32439003760874
33,such,Diane Barrera,letter,46be4f64-68e5-4d7b-a1bb-930101174dec,f9e93165-a125-4204-9fa8-3ff611e049fb,57,2023-10-07,291394,True,http://henry-garcia.com/,0.09338720007556267,0.5327452453105003,10,-4.614194222961263,1,0.15473017585826143,0.4505231090150913,0.29127198777525787,0.88424644683462,0.5629242606445444,99.35119904882112
34,scene,Sarah Nguyen,if,09f62689-35e6-402e-89a7-fe98dbc22596,dce402f6-74e7-4b03-bc40-fab5d991daa9,75,2022-01-05,289029,False,http://www.howard-navarro.com/,0.9519996624524752,0.6615213406873559,3,-6.5487605830699245,1,0.4821893962043886,0.8109668113226207,0.001564335933398997,0.06574810526736607,0.47489259999803324,108.09998959534394
35,much,James Haynes,democratic,9cf23b53-d795-4d18-b77b-5ce3104d8021,d41569e9-ed54-489a-89cb-fbb7de9712b9,35,2022-06-15,150149,True,https://young.com/,0.23486859852668396,0.06895673651964052,6,-4.48082582929189,1,0.8472748481349526,0.8373771782475543,0.3528160396260338,0.39815998077090853,0.01663695550231492,71.44621269534338
36,add,Andrew Hernandez,improve,2593a0e1-b29b-42fc-8dfd-1aafb732fc52,dfa1ef06-f2f9-4ba8-8597-6375b7a1027a,0,2022-05-01,234975,True,http://www.brooks.org/,0.3104194642949153,0.6475432540568051,1,-4.56569937041327,1,0.35011399422119116,0.9823855810933974,0.5706637160224288,0.7169335985099499,0.33123959357892263,177.80222309286464
37,gun,Kristy Hansen,today,a3ff3fca-c6bb-4bc1-bd6d-425533cca4d9,e273ea85-9fc1-416b-ba54-ad2f958d6813,97,2020-01-11,278085,True,https://www.mayo.org/,0.8065628945762658,0.012652150165853082,8,-5.446553831334989,1,0.5562654761043269,0.08432913202456382,0.18731391179838253,0.4786651099152539,0.10960458949132279,117.29449181878715
38,seat,Mary Thompson,return,7941cdcb-a5d4-481f-ae22-2b70bd47661d,3c63fca2-bc4e-4284-9cfc-6d60c3c7c0be,20,2020-11-08,155105,False,https://lester-lloyd.org/,0.14735396224577268,0.4200587408418276,3,-6.782226497709626,0,0.11488531353030818,0.6461270911437191,0.6682149029196348,0.4107951206651669,0.41654026943223277,172.2990464401666
39,once,Mrs. Sheila Thomas,security,724505d4-3256-4e5e-bde8-1aa888c485ef,ec7aa6ae-8966-44d8-a7c6-316fb902199f,89,2022-07-09,179325,True,https://www.anderson-ritter.com/,0.04621371809275843,0.49020170499040827,10,-8.113476262928947,0,0.2785682124949992,0.03914212620067381,0.5234845576782113,0.40943352746471307,0.30767783371176427,60.81961446474666
40,movement,Betty Barrett,suddenly,a95ceead-6cde-4978-afaa-ae4e648dd425,a686ca59-0282-4dd8-ab57-1a60ca239b0f,54,2022-09-21,245153,False,http://www.wilson.com/,0.9839360227818514,0.43352340132584843,2,-3.0250157237942865,1,0.22615909432784742,0.7076217043232789,0.36060375770687547,0.5749005084764265,0.8987671041885331,106.02892688112371
41,never,Jennifer Henderson,one,a8f87839-4f2a-46d1-841a-dab1ea2d3e45,63b37a3f-ee00-499f-a18d-3fce672aecc2,43,2022-01-31,230612,True,http://gonzalez.org/,0.6112739730606801,0.362188038495072,4,-4.282023580150989,0,0.4291124108817812,0.9909860226468875,0.953403677985515,0.12532678225919403,0.8720991141203317,113.60826261677443
42,loss,Jade Brady,think,ad3c5930-4fbb-40cf-bcc7-7606e864160e,ce6490c2-11df-4376-9073-7a0958b41c4f,35,2022-08-21,212770,True,https://www.kim.com/,0.7684893390001969,0.8915750148051031,2,-7.664375539421069,1,0.5609657017480328,0.5240685531701745,0.5440819599280334,0.31702767046048186,0.6292604806024369,92.03931923571362
43,vote,Jacob Tate,capital,7e7c1474-2c1d-4f8d-8a85-79efaf2267dd,4c216a6e-d2dd-41c3-8a5c-e67523ff0101,19,2022-11-07,165184,False,http://whitney-nelson.biz/,0.45541616838008914,0.4597393476017463,1,-2.244555249007412,0,0.7674325318517301,0.6098054063226744,0.7864123358453176,0.0741650197653062,0.5969096159531937,99.55503639752791
44,area,Victoria Everett,compare,e72da9db-36d6-42f8-84ac-4463c6361932,760dd679-8afa-4189-b8a1-f33a3ad546ed,27,2022-12-16,213143,False,https://www.miller.com/,0.8861369090509815,0.1529911490938599,0,-9.56352700902698,0,0.6217238054690754,0.3638979596857128,0.5076225888293382,0.46583319962105885,0.2655304369857213,129.89529018659817
45,article,Luke Anderson,government,12490f57-6b2a-418a-aaac-ea987f5d467a,8e5d2db0-2f3a-4c4d-a025-6566545b090b,97,2023-10-26,298729,True,http://www.kelly.com/,0.5756708994093181,0.17613696108605936,2,-2.5529484843480414,1,0.6749767112933036,0.9179367891169605,0.020334306288165793,0.5173600118198601,0.6555909721769689,128.74528170654392
46,road,Tyler Avila,evidence,8c28de32-f651-49be-a028-2c80050f749b,c5a4aeea-169b-4be5-b57b-ca8e4f446553,43,2021-05-27,170645,False,http://herrera.org/,0.7183459154989886,0.5217467469384799,4,-2.9477211897499744,1,0.5567397551704483,0.38741655952311593,0.8733314385275176,0.12833461074501384,0.9720568640244157,91.38637809784713
47,dark,Danny Schroeder,music,c8315f9c-983b-40fe-916c-70d5e57c7fe6,e098c812-99a8-4bc5-947a-7cea25930323,13,2022-11-21,172453,False,https://hall-meyer.info/,0.3839784673927513,0.6504574140167414,9,-1.8859109743512317,1,0.6089949155530653,0.7744647885737355,0.043534425166776636,0.8290537281353989,0.578474332225579,103.14625086733871
48,type,Emma Hamilton,particular,1b4c8932-d2a3-4b20-971b-497e21df5735,5a717423-0b80-4c70-9463-a4bac4079608,11,2020-09-22,277399,True,http://www.jones.biz/,0.3996528628765377,0.615912354053551,11,-6.139212475090177,0,0.6578312279988884,0.6788977205595811,0.38688132152735755,0.5513034436091327,0.22754322529882276,88.35630929063946
49,activity,Katherine Kemp,professor,7c9b22e5-7e6f-4727-a842-7aaedbb98b03,6434601c-2cfb-4a2f-81a0-352304d3c3cb,48,2021-09-28,168143,False,http://leblanc.com/,0.1475713450912982,0.919617656902767,9,-3.363111705154653,0,0.6934711878556589,0.05236551753600627,0.3733023871008325,0.5877859904018278,0.051355165120387625,140.13433377584056
50,stage,Christopher Murphy,customer,f541c685-5827-49c2-bda0-eedb88602448,f8c5e9c6-4ffc-42c8-8051-43b65df4385b,12,2022-07-10,289645,True,https://williams.info/,0.6876224130805195,0.7746414503715746,4,-1.792524482904449,0,0.028953181061268318,0.6308865744419795,0.7473165915626453,0.7677816373576567,0.480448783714414,115.84739891303153
51,case,Jill Henry,task,67471243-bd07-41bf-a917-4a35f28d8f01,9d125ae6-e2d9-486d-b60a-6caa4c1608b1,45,2020-09-11,182967,True,http://www.fuller.net/,0.8926598262113665,0.4648737716345078,7,-0.19181861340215,0,0.2732703887127248,0.33464934725993756,0.3570938765147329,0.12903295779688861,0.524232332624683,79.16601902730758
52,game,Cassidy Rogers,camera,c7501c65-a2fd-4848-b1e4-4f3ea9a0124a,40f52a8b-ca83-47ff-b771-25f5f0c72003,44,2021-08-01,183657,False,https://turner.com/,0.8604405654225213,0.8257345984207556,1,-5.046713503835765,1,0.7624095179809979,0.32969075511772883,0.06755955774189892,0.5028637864493747,0.7211828352491244,142.32883438693324
53,camera,Philip Richardson,fast,5a7ba0fe-1ce8-401c-bc0e-c05b1298c3d0,e14077f3-a0ef-4ea3-8c1d-95abc040f24d,77,2022-01-08,274592,True,http://may.com/,0.885465205509866,0.5924746190637017,7,-9.629803886544238,1,0.9215375210331727,0.5579632124184023,0.24112592438564462,0.8682116274193886,0.7746061298338109,170.77272167365405
54,real,Sean Thomas,thing,e8a12290-92dd-4a62-843e-b614c64627e4,8499ec11-8e08-43d5-a64f-e44aae00c8e8,33,2022-12-26,294127,True,http://www.wong-branch.com/,0.778420406767325,0.3223045829811182,11,-4.977088498670341,0,0.3510234207369818,0.38656420472373787,0.6571044000108314,0.8313908064675414,0.38019033631515275,166.536169681153
55,care,Anna Small,these,481886f7-0380-4903-9b7f-d903f0e45ffd,d6e5aa4b-dc88-42dc-9bed-4fc14a3de512,5,2022-04-22,193287,True,https://escobar-hampton.net/,0.21884113681231943,0.24549516909369085,4,-4.098195706904329,0,0.18140555821256865,0.25199578496615327,0.10366386749968948,0.5181021329240163,0.8216612911278522,152.38092569498235
56,can,Jordan Cook,since,010f8384-3088-466d-8f55-3b835fab96d1,0bd4d809-9757-431a-a241-c24686fa3fb3,93,2022-01-01,219483,False,http://www.park-burton.com/,0.804109856173143,0.9346218786140001,11,-1.3029968663778462,0,0.1432514903420291,0.8515662599844044,0.5819033215581401,0.3041245428074678,0.24219656014122448,142.8348452902577
57,film,Heather Cooper,risk,33309679-03d0-4499-80e1-f2a183062271,0055f772-4e10-4095-9528-d80ac68c0b6f,58,2023-11-01,288326,False,http://brown-frost.com/,0.6959117764082383,0.27892824919247017,6,-1.2580962594569165,0,0.6573446348367955,0.9644100286539099,0.7566789264419571,0.16196695955589968,0.572570271404126,136.645359023926
58,star,Chase Barnes,enter,20f06f62-c021-4897-8baf-47855f823a7c,0d157b4c-435c-4de9-ae08-1437f582b212,68,2023-09-06,260923,True,https://miranda-johnson.info/,0.46454988457425217,0.4508020001937705,4,-5.596937902293229,1,0.06958542124833644,0.6027008136606191,0.13340958985936402,0.9347378366390774,0.7005209111414515,172.87627484950804
59,else,Johnny Robles,cell,58a77387-fd45-44e0-b69d-a63ca30b2cdf,6bc8c69d-0d0c-474a-ad5a-e363f9942a12,15,2021-10-18,205521,False,https://www.clark-lyons.com/,0.5574057940333953,0.7504762818270062,8,-4.740489131924386,1,0.7409690591184199,0.1503733272355946,0.3522990461141895,0.2254702847154667,0.19078432782692734,104.10526837226043
60,person,Peter Villegas Jr.,future,5d44a3fe-ceb7-4e30-bd4c-96cff4b5e791,a0698520-f769-40db-a6e5-fafac83766b5,48,2020-01-23,291373,True,https://mccann-cunningham.biz/,0.9174700144554402,0.5698496446783222,8,-5.430719255257578,1,0.971810318758019,0.08150198744788395,0.33854725817970077,0.9474831368096475,0.4410385661847329,86.50190879624658
61,debate,Christine Ray,put,0cb90d8e-6e8c-4888-b166-d7e5825ee5da,58d314a9-8d98-4b50-8655-19b60b527b37,10,2020-10-23,202730,False,http://smith-shelton.com/,0.12135859918938441,0.6681884704454936,7,-2.775561724293574,1,0.09175768305444532,0.6636121060060588,0.6427956162027204,0.5188977934042059,0.41878029816919005,174.88326442262718
62,trade,Kyle Mitchell,research,0f1476e2-a052-4559-9e97-3af95f9e33c4,143a85a6-6956-4adf-bd55-e2803b3c0161,70,2022-04-07,231714,False,http://romero-phillips.com/,0.13333910555702888,0.33639661989137526,7,-5.900213802536356,0,0.5304826886589294,0.9167464550571202,0.8303836567636027,0.2840483102644511,0.4129601097889264,117.38182796822687
63,well,Aaron Levy,say,42ec5b56-c7df-42e8-9b00-f8c9e1cce382,c3d47c08-6356-41c3-8f9e-930de7705200,37,2022-10-21,254593,False,https://www.williams.com/,0.46464323749823666,0.494306503615922,1,-3.4521867357226625,1,0.3761944057034886,0.3102317375518121,0.6846825664089835,0.07885990478549376,0.20389168270213454,114.59744073248044
64,indicate,Russell Palmer,air,da826dd6-b209-403f-9495-1f75d675510a,9c72fbe8-9c4f-4f04-862a-4cf04b635d9a,80,2023-07-26,247889,True,http://www.walker-sheppard.com/,0.5311318858555887,0.3250141678887595,9,-8.456387812284511,0,0.45364579067301736,0.6560547180360552,0.9808191857888493,0.19630191948307363,0.5018195046109877,178.6605554274371
65,machine,Bryan Smith,travel,2daab922-93c0-4692-80e2-d4e664418540,8d265e16-df59-480e-9121-ee9f85963445,79,2023-01-31,264845,True,http://rodriguez.com/,0.5589252903718673,0.48754993239134437,0,-5.305093990152681,1,0.15740927584508868,0.6621351569291799,0.478531171617924,0.9563516270431981,0.6114780598917674,104.83498103843236
66,west,Brittany Key,put,d7f513ea-ecb9-4bdc-94b6-eb3dde33ec1e,1833b5a9-10bd-4e31-95d2-4bc048c2c9d0,46,2023-02-25,285679,False,https://graham.net/,0.3172979574653476,0.35482496617609527,6,-0.3079636942578272,1,0.3116373697042164,0.1289516582715602,0.18227799841387327,0.2744510332135133,0.47160546386851143,144.23288722267853
67,author,Vanessa Fitzgerald,entire,663a714c-ba46-4f86-8c86-19dc9a905372,fa9e3abd-c7ee-45d4-b658-0baa79971c46,73,2021-06-26,268354,False,http://www.silva.info/,0.7552500135557795,0.25835240885867805,11,-6.614387659485683,1,0.3243828920784265,0.7088340143710539,0.1348525811962823,0.6250223614485905,0.8483769948470389,169.5356265939725
68,forget,Joy Jenkins,gun,e28595cd-7e13-444e-8dcd-ee559c44c729,d9a77cb5-8864-4a8a-9aa8-968cc851c217,24,2022-08-04,181720,True,http://www.edwards.com/,0.44257342526802657,0.279658488037586,5,-3.072954014131179,0,0.9414074239700552,0.084719012004002,0.7160450575961946,0.614428278308198,0.7274020989409185,150.8820627965191
69,surface,Gina Duncan,focus,4619865d-aa52-4fd5-80ac-87af1a602b5b,7df836a0-6233-40d4-86da-d95050dfa469,90,2022-05-05,214986,True,http://www.harris-barry.com/,0.8150065073316839,0.5961550079374294,9,-3.5016334742072743,1,0.5962237722050923,0.5589220700910635,0.9436051507121292,0.09342840688357601,0.7057752321517652,156.2393990136037
70,big,Lisa Williams,low,ccd53f61-86f2-498f-90f8-78879dafa931,23d727f7-b4dd-4509-ac96-13c5ab438d73,8,2021-10-10,208903,False,http://www.gutierrez-calhoun.com/,0.8920202963410181,0.8801073452552302,4,-1.4823470764930864,0,0.8833421845183433,0.6434932633613195,0.03698379019977571,0.640987427298992,0.518683211560113,159.07242109037483
71,that,Rhonda Garcia,step,5cffdaf5-6699-4b86-9db7-98bb1055635d,56962ac4-01c1-4b5c-9b94-300b5b0c4754,5,2023-11-06,166784,True,https://beck.info/,0.42674075685865553,0.5557910279195838,0,-1.4765866343410696,1,0.15557990340448835,0.328476554253584,0.2015909928367009,0.5918084453166051,0.5608867729086393,151.42315439653285
72,reduce,Hector Adams,kid,cc69a950-de01-47c2-ba8e-208f114222b8,154ea666-8437-4cd4-8598-cd6a1b023f73,84,2020-07-14,238627,False,https://www.petty-davis.biz/,0.9068547304561134,0.5166272517149342,1,-1.406578158317334,1,0.7544358791249854,0.12779376410034593,0.7911092132290439,0.5806465011402537,0.9981228684054821,141.64103039032776
73,I,Donna Frank,note,da794d30-6161-488d-8f27-f9b731262e0e,533c53a6-dacd-425b-b60f-0af8f95d362a,29,2021-05-12,155514,True,https://powell-miller.org/,0.44591361207670044,0.19105642352709884,3,-6.199906024773449,0,0.04976249243295716,0.7028308721554202,0.8857903856181051,0.1712006230557923,0.4783709833434011,131.49773586374675
74,decide,Richard Williams,already,03138e9c-bc77-403e-8bbe-a31e41a3e934,2a2e68d3-cc3f-47a2-9000-2f04dc8be301,98,2023-03-24,295207,False,https://rivera-williams.org/,0.1591579075429993,0.24135605037267993,10,-6.833388460666003,1,0.08158152753191317,0.9471086244193812,0.3155958200497253,0.6244791874336657,0.37682477618569576,154.48448277879086
75,leave,Amy Castro,though,eec0d37f-af2f-4cb5-be0e-6bdc3a3f57f8,e6e1ea89-952d-4cb3-87c3-96036cb6316a,37,2020-12-06,210323,False,http://whitehead-smith.com/,0.8614949097832623,0.40642812467051925,9,-2.8128257477701704,0,0.44311297433032604,0.9971641129658702,0.3100758829368918,0.9020008936907269,0.9566854921965481,123.06079874642012
76,green,Denise Williams,model,4754a7d9-cd58-4a87-941d-06bf757ab2c5,b861f96d-ef7a-4615-9186-3e08e5ad2722,10,2020-03-22,207728,True,https://www.young.com/,0.4500697572469081,0.5551762115818608,9,-2.405981906656364,1,0.4240147731129952,0.9124479854583244,0.39822405568601704,0.33761958660580216,0.45966353201958654,123.38077488878321
77,character,Daniel Hughes,care,e0bd3888-fa82-4cca-bdfe-0663e3f00aa3,57c6fdc7-af58-4d43-92e7-ef2a28db62e3,29,2022-09-07,151885,True,https://ramos.com/,0.7517767865005115,0.24032393612421554,0,-1.2761698260146375,1,0.6070760074410154,0.09345296506602174,0.8154060806559823,0.9239297253163012,0.533127064573221,103.41418422290926
78,perhaps,Yvonne Medina,maybe,df00b260-f3ff-412b-a9df-e1328656eb39,735da1f7-98ad-4462-b369-8f006ec58472,12,2022-02-02,168610,True,http://www.smith.com/,0.8398628878419208,0.4760931107841647,10,-9.641009001623134,0,0.41418373788272467,0.6704560400799391,0.47339976767684344,0.041194303521784104,0.5462732192448302,170.06936481371707
79,affect,Brittany Greene,team,5eff1910-dfd9-4255-ab57-f2906cf22fb1,4577d6c6-6d7f-464c-8aac-33280faf883f,48,2021-08-22,165433,True,https://snyder.com/,0.2773113531307405,0.7118424064727227,4,-9.315792528184485,1,0.21556896533774683,0.5084884864228076,0.03662077153690835,0.8637811916200331,0.675868576556368,73.46505498447243
80,score,Kimberly Holder,despite,1f7ea4cb-5eaf-4990-b63d-dc32c3dfd6fa,a99af9d3-1fec-4563-bf66-1a726ce45851,35,2022-07-27,210015,True,http://cooper.net/,0.7776748353339717,0.44817454958657077,9,-3.688389831453595,1,0.5123463058011047,0.01823053779153272,0.6469004988007503,0.08122285489336989,0.8676544034549933,159.45288647501104
81,fund,Todd Stokes II,identify,61266d62-4641-40f0-a836-fdeea1ffae00,08481735-d800-437e-802c-ddbf3ac099f0,58,2023-01-14,167668,False,http://hanson.com/,0.4845970170702668,0.017243259348372675,0,-0.7907090121970324,0,0.34517285548086185,0.3088660700638809,0.28611089555154867,0.9485468539703915,0.6807458895691416,168.34657922877705
82,quickly,Henry Robinson,cell,0c73b56c-4c73-4375-9587-86b7a11ac8e9,e2c923c0-2ea0-4f9b-beaa-4717162b19ef,81,2020-11-12,158234,True,https://www.parsons.com/,0.23924586381463286,0.2942355813204973,2,-0.02574077043784584,0,0.11088977220093055,0.9511693135961343,0.8621385304692504,0.7710223687944653,0.8036525301137067,84.25881347599774
83,add,Caitlin Smith,job,5457dbab-d945-438c-87c4-1acad66d4c8e,9c1027c2-3e6e-409c-a276-1ee6c8ab2e8c,46,2023-01-10,236619,False,http://dillon.org/,0.4398725932649027,0.4044011286779281,7,-2.53233633262073,1,0.6782178929335344,0.34173234513154815,0.04780403424649138,0.2646559078330545,0.2643621832883103,124.39921899126684
84,glass,Wayne Richards,lot,c2f8905d-2b2d-4ebe-9a66-0d2d455abfc5,c9739773-36f2-4f15-9b29-aae566c2a624,20,2021-10-26,168574,True,https://www.rodriguez.com/,0.7135448626110564,0.24330516387675716,8,-5.660285280768743,0,0.5931342503922638,0.7661562076678196,0.6557313675576797,0.21080837970196453,0.48418010169464465,79.7444587899306
85,former,Chad Moore,positive,df8479b5-262c-4299-8f98-2e27064f1b42,93f92f1b-9aac-43fe-8703-b46b05e1bdf7,47,2020-01-29,284782,True,http://www.hart.org/,0.23449357801463533,0.663960021596816,10,-9.01556873616802,0,0.5269341071481448,0.19200523366438627,0.27321660611387344,0.5721372024460641,0.9573373961934383,162.53832088739412
86,smile,Michelle Blair,system,256adeb1-4593-48c4-ab92-616607667dff,2da250ad-8577-4dac-b5e5-4b21af33b249,45,2023-04-22,212391,False,https://brown.com/,0.33584753662131395,0.36902045066103695,7,-3.6625217121920874,0,0.30841939185125644,0.9999766211030285,0.7993424115182397,0.6181084263249575,0.2790063959217567,113.0208663191557
87,evening,Jamie Larson,expert,090c6f49-2eb1-4ac9-a000-56a231131b4c,4adbc5fd-5066-4d5d-8a80-d74a7bf5f422,26,2021-12-31,223001,False,https://hernandez.com/,0.8930268327903168,0.5534729550102496,4,-1.2742076739290926,0,0.2205184355025246,0.1549451729444048,0.4369513831249364,0.030285898581430715,0.29849916119029396,141.6354285526885
88,light,James Rivera,growth,04c7a92f-7d88-4c90-9a5b-7f82b7acec82,9c0fbe8f-30f8-4279-92e5-7bae6fdd6a50,85,2023-05-25,277248,True,https://brooks.org/,0.08057765765766844,0.34375739414620254,2,-5.563214483382942,1,0.9844456583211195,0.2957921016546218,0.400021774644462,0.8889968814489544,0.9414855463274614,146.030155941678
89,along,Lisa Hopkins,system,3877dfcd-591e-47f9-9e3e-7f3eaad95531,3e8b11a8-5566-4fd0-9236-092751f0f91f,34,2023-09-03,206160,False,https://www.miller.biz/,0.1508306580130866,0.996631463959332,9,-3.0599883720676546,0,0.054781958518080986,0.7881201736714002,0.4397366337078622,0.5455774835472676,0.9822602964759958,118.65935601974276
90,article,Stephanie Brown,bed,e93efc6f-1ce0-4ec4-8e04-cb8c8d6b8c97,d01041e1-e24a-4a75-9309-bcbce6bb9421,89,2022-02-23,291356,True,http://www.padilla.com/,0.38303529243133816,0.5503884727566786,6,-0.9657593794951396,0,0.20442312435373178,0.5076897127246462,0.9564787178236601,0.6419072893012328,0.7711742690876434,167.86672220561684
91,point,Angela Hernandez,agree,ea0ec3bf-f3cf-4530-a7d0-df58ed08a955,d5f727f2-d3ae-4647-ab10-30be36314bc0,87,2023-09-26,184684,True,https://hoffman-munoz.com/,0.152805266577148,0.3518105276141683,10,-9.540090313227873,0,0.945324087226644,0.5397707584136711,0.3390366284081606,0.30209411295462263,0.7049009368365838,113.45792306246645
92,will,Jasmin Mckinney,particular,b9a29a21-b729-42b7-b6b2-bc62a52622e6,88a0c63e-47e7-4b69-ac37-841239e8a2fe,82,2021-08-17,299695,True,https://www.cox-king.com/,0.21395287710598743,0.4537452628531785,7,-2.0385653483778823,0,0.7673495273086041,0.7386440030014676,0.18681721758993874,0.24487791064894304,0.690239911563607,66.67629669913556
93,oil,Nancy Goodman,wide,9f1305ba-caa4-4f9a-9764-023e3ee7212f,88e4a2f4-9ae2-4d1a-ad1f-30eafafd537e,9,2021-12-07,273907,False,http://ford.com/,0.41486789589821815,0.3066229913488304,1,-7.066322240347912,0,0.7641608957612477,0.5265316295455954,0.692068491112615,0.8073493144287976,0.48900307951152877,75.83332077853188
94,two,Jody Dixon,billion,529dcb04-13a8-43e4-93a6-2047ced5193d,6bd814ba-bff7-4c6b-a3c6-ce5ab6ee7f8b,77,2021-07-17,213700,False,https://www.ellis.com/,0.33088139103808356,0.23053804129850775,7,-6.251589102246852,0,0.2894471312174376,0.6619292373714176,0.36734692695968196,0.4060925267445584,0.4798034232020614,109.85094886135917
95,my,Alexis Davis,wrong,483aa9f9-24b4-4fc6-8f96-ff83870961c8,5d3ca636-9dd4-4827-9683-a821cbc2a5fe,81,2021-08-25,273987,True,https://www.anderson.net/,0.46592430335115065,0.7212843313260696,5,-8.544302043006017,0,0.11998434370554911,0.8763927725427418,0.7972908803766656,0.45354413295517126,0.5604875902362195,127.6693422118456
96,subject,Mallory Macdonald,Congress,18cfb562-fc59-4f99-ad4e-c68bc95e209a,80453014-895d-44f7-9b96-94d39bef6323,21,2022-11-27,256708,True,http://www.whitney.com/,0.06226571058358532,0.3155479440059865,6,-4.6883368185124,1,0.49738532861332685,0.618031465493508,0.2667206958021826,0.6886135716729836,0.9344853892580073,127.05566387985196
97,learn,Terri Raymond,stuff,c8266e95-6519-408d-8041-8c34afcf4433,fccd5365-d4a1-4207-998f-af3ac7b66b0e,68,2020-08-19,199914,True,https://www.cameron-russo.org/,0.8328911693404877,0.742881063639104,5,-4.340719380840632,0,0.43065501135360296,0.5972464410716285,0.08261150663406636,0.15808044701520718,0.7216643785942907,140.73212546728433
98,month,Joseph Wells,provide,e0d9d11d-ad8a-4636-8c38-f8cabd7e383b,b7a74009-c24d-4d6d-8dbb-038f1192c7e7,93,2023-01-08,174726,True,http://hall.net/,0.38947681266694123,0.9508775603934347,5,-2.074805261190468,0,0.12918570175921495,0.15425276132112153,0.4244996613184139,0.4156217462141151,0.2877893754979528,96.98034768397815
99,eye,William Sanchez,them,6c6c932d-12ce-4a16-bb82-77fe3581c548,3730643f-4028-4fee-92db-b1ee0e3fe2e0,31,2023-08-15,175409,False,http://www.morris.com/,0.7697957723146632,0.6901635541405516,10,-8.300163509319026,1,0.5325823478674238,0.1808459671686966,0.4306071520034469,0.46444215777533504,0.5734768038736451,62.612454947187345
100,young,Charles Hartman,hundred,e97aff19-c070-4f7c-aa95-ec0a5f37c373,ee09d35f-b9a2-4556-a658-b6e52fe13184,20,2022-10-12,262997,True,https://harris.biz/,0.9460620335901005,0.19154097301054474,1,-9.210316493400054,0,0.23011071607665967,0.6928456408612267,0.9950981648440754,0.34019256835177736,0.5431908769882782,90.53486628811349
101,race,Bonnie Powell,food,17205695-be07-4595-affd-680f3b1ec05b,c6c2e0c2-d948-48da-96d0-ed3677066a29,59,2022-04-09,242876,True,https://copeland.com/,0.01953195673772712,0.7386046535089507,2,-1.291604013551451,0,0.5587235676747128,0.6247404799539127,0.18045648593809005,0.1436686911626346,0.8957604615402261,60.36185659093065
102,movement,Sarah Boyle,risk,9156b935-141f-4c00-b904-4bc1ef76cf23,149e610c-3186-4fae-baf8-15f3f59b87ac,48,2020-07-15,261038,False,https://www.johnson.info/,0.8806566727578236,0.27649962696868924,5,-3.8028963146258468,1,0.668048171745242,0.9026559827144381,0.2937664190024989,0.8614850768324948,0.39453245564086326,86.1481570407551
103,too,Joseph Clark,dinner,a0b639a1-16e1-4f1f-8325-9dddf8e50a68,3a3a8332-6418-4dcb-bada-f999847001de,34,2021-06-24,257767,False,http://www.smith.com/,0.5756903468100802,0.5895869059607909,6,-7.591702081436869,0,0.3541671713596246,0.721182997805427,0.1025979077821143,0.31931639264672806,0.34513467516458674,68.76354310985488
104,true,Susan Strickland,way,28829e7c-3e41-42d1-9523-108e67b6fade,766283cc-4209-49aa-8c45-285d99655b4f,81,2021-01-04,272427,True,http://www.perez-evans.com/,0.47697973255735693,0.7602078953730826,11,-0.8717098397644527,0,0.3970711742472973,0.043692427954514335,0.3279199053415598,0.9880233694670898,0.7730643287644969,110.84368617343502
105,either,Sara Davis,single,b2edc1c4-fbea-4641-b424-9b0312f2aa3b,d712e5ad-ba20-45ac-9e7c-c71d4be21f1c,88,2023-04-16,164200,False,http://www.hill-robinson.net/,0.9427416574340969,0.5967907405123017,7,-8.568822798714903,0,0.7420413273744453,0.36429941413076905,0.2956399493403423,0.3453705607009986,0.14647612192073944,144.04618537166112
106,could,Jessica Jimenez,else,e45d6091-2895-4940-95cb-69a5e0026298,41fc7d17-fa68-44e8-b1e1-0ad912bbeb72,71,2023-08-27,175799,True,http://www.ibarra.com/,0.29861265237238344,0.9805106304625131,4,-5.388500866450024,0,0.43621959551231215,0.71958567379065,0.44591576309965264,0.398716607174025,0.042066486832725514,124.93962048958866
107,fall,Michael Gordon,present,9f5107a4-3a43-410c-a260-8e6d56cb1ece,29685611-74c7-4361-aecf-57c7248bb778,28,2023-08-08,165889,True,http://eaton-johnson.com/,0.38998664806371885,0.8326283633270679,10,-7.460226605864577,0,0.45975425035627504,0.969588603408625,0.7176629113116567,0.7606649947951748,0.9553137176792419,67.2306757580484
108,charge,Daniel Perez,exist,c0e558ac-6e1d-4c7f-91db-a6bc29c4836a,59a1a432-e91b-4154-8c0d-3e9b5f37f96c,87,2023-04-20,255544,False,http://silva-houston.com/,0.891641541968512,0.2962464632651445,6,-7.446732918408459,1,0.0778626118757576,0.6105954221258157,0.16664477206591366,0.5149801340822221,0.07902943600985035,167.30621344061416
109,these,Robert Keller,heavy,af9ca479-868c-44c2-932f-3fad1b775377,70e01675-dc88-411b-9aa0-df64825b6e7c,41,2021-04-11,238946,True,https://franco-combs.info/,0.8357286707984006,0.36088106914938645,8,-9.90602568545129,0,0.31306063067733614,0.752391165111486,0.443908381101094,0.10618393360909728,0.9240096318898805,178.33646976987322
110,computer,Deborah Krause,method,ee0e3a89-ec23-4aef-bc9c-f631676e09f1,aaba9f45-38ac-4ea6-b262-61a9e8e2babe,98,2020-05-16,178644,False,http://robinson.com/,0.5382205676102315,0.3022675887804356,0,-1.9536692302485363,1,0.4292842863008356,0.7838003594348427,0.4471296596702572,0.2417378609364671,0.6559720505509076,116.64854410147805
111,station,Carrie Potts,PM,ff15952a-222d-4e47-b3fa-3ff2783390e9,ba9ad077-c417-4204-a303-080a723d8ad3,99,2023-02-27,215183,True,https://sharp.com/,0.7346340607563577,0.7080184857110313,7,-0.9879057640111704,0,0.40442288450523434,0.23400294433542446,0.7268143957111028,0.12252190908395999,0.7473384997180049,94.45088482695841
112,low,Jeffrey Wilkins,provide,f66bff66-f66f-4058-8683-90552bfb7287,1710c377-aa3f-4d77-8d5c-8b12a6ffcb2e,7,2021-08-08,200224,True,http://www.reyes.org/,0.7998681709412677,0.12658295984798162,1,-3.2238911430092054,0,0.6401416690475789,0.23916849724551947,0.9116072308462806,0.4495960119956648,0.21398680807700754,81.59775921908502
113,everything,Sharon Hill,get,928a5aca-8ca7-4dd2-9479-b35ba4778f2f,5f8fd82b-2aef-4936-905e-fd5f2fe3425d,29,2022-08-31,199862,False,https://trujillo-bell.com/,0.8978113473991952,0.04551570098321833,5,-8.420243779282131,1,0.28951520558575816,0.9655966371940364,0.6148514821987643,0.1408776350081835,0.8279517035080337,76.25146397873253
114,century,Jared James,yeah,e6a25433-c1ef-4bd7-8e19-715c5f3971a1,4cd95e11-fe10-49e9-a385-39459a151a20,4,2021-04-17,290584,False,http://www.lee.biz/,0.4882294775502505,0.05452602023898778,4,-5.582702163961856,0,0.4050323070649545,0.7843702395932048,0.43494050409313556,0.050605291800290275,0.2711327219979758,136.98300002068277
115,specific,Henry Riggs,region,4a22a67b-d5a2-40b2-9a3b-aef5d0d39112,2274c936-ef84-41a7-93bd-46689dc311bf,40,2020-11-13,267601,False,https://www.williams-jones.com/,0.2729353117632566,0.29213664455277755,5,-6.544343755569183,0,0.9661996910331262,0.9039743381374582,0.6394693104924803,0.9453848927032189,0.5620180196774848,147.51473991204574
116,prepare,Mary Castro,focus,51c73231-5ccf-4caf-9733-9b5b60836948,d53a6a8d-7e0f-43e9-87dc-b4cd7ff40b8a,51,2023-03-29,186747,True,http://webster-munoz.com/,0.48564199379850037,0.9440896147957406,1,-4.124282948735786,1,0.171873180578069,0.19401617622256984,0.7914778288297681,0.8641638503624308,0.2716214667057466,175.65390803250247
117,evening,Tyler Parks,sound,03e4cf05-8eab-46c1-afa5-57bb2e727398,e4b615fb-763f-494b-82d9-2a981606730d,34,2020-10-23,260593,True,http://www.williams-schmidt.net/,0.38885720324612805,0.6378696551059275,6,-3.610612976399878,0,0.9476143093267475,0.6783068250650924,0.0573580643165198,0.41813474333487655,0.10922658157108,104.93531047659212
118,respond,Michele Rogers,indicate,17321f55-d90a-49b5-9d24-878ab488becc,ce7436e3-fc63-41fb-807d-fe083791b07d,8,2021-05-14,198100,True,http://jacobs.com/,0.6688736206229171,0.7527921757912538,8,-5.756910615391023,0,0.4600969018938087,0.5704193933638915,0.6711838888936679,0.9626858522393368,0.740890976688493,166.9600326262232
119,simple,Raven Ochoa,each,4a863558-111a-49b0-8c7d-b20d4d579eab,a73a1dac-717a-4e8b-9064-fa6781581fe1,27,2020-09-22,223018,True,http://www.contreras.biz/,0.7981423244201888,0.10258764678776067,0,-7.499017755922988,1,0.6896100410801899,0.44059740350902055,0.40621023150765245,0.9023108270741973,0.23928206594629609,113.8244559195223
120,machine,Charles Sanchez,put,911f7e88-781e-49f4-8114-f7335b4a1aae,637419c5-a4ec-4282-9c8d-87aa7969d614,72,2022-09-10,271275,False,http://www.maxwell.net/,0.7241813776272887,0.012265403375507966,10,-1.5469607485740138,1,0.3618526912341258,0.769438551975576,0.5130860194645521,0.8134778464394495,0.050765429957464026,170.05380920180735
121,result,Charles Hood,newspaper,cfc0dc1e-4171-41bb-90a4-cfc28d03ca8d,0447f485-6faf-41a6-b1fd-5f4cc1c9a5f5,91,2023-09-07,215485,False,http://www.jennings.com/,0.8405056630625586,0.2843393271371494,8,-8.007830008911077,1,0.4367117795682278,0.778124037249926,0.7498979842618898,0.9337515352494048,0.9051841909515969,105.29956195561189
122,marriage,Robert Wilson,TV,93e180a8-e894-4ab9-8232-99124360f8ad,d460d3fa-0ada-4980-be0e-35dcbde0ca6d,40,2021-01-01,169761,False,http://chandler-wiggins.biz/,0.9195416206689759,0.478714208606398,7,-6.1530675103265455,0,0.10586313339558595,0.5029066914875789,0.15998672658793178,0.7211284288221219,0.2256716462816638,69.629999115524
123,good,Kyle Taylor,probably,fcb7247a-39bc-46fc-9280-5acb6b3768c8,6215ff98-1a51-4a86-8ea7-4e8ba8c11b64,27,2022-04-01,266164,True,http://brown.biz/,0.9807219775189232,0.34070593256029236,6,-5.167919389407839,1,0.43567652694040004,0.4186608267297458,0.031140619090046395,0.18983410122335975,0.23283655980595275,175.69732516568232
124,safe,Melissa Rodriguez,everybody,0b68c43a-50e0-469c-9ca7-7faf43d6d993,b9b2b059-5f36-4f92-b42b-be57ed8a5dff,83,2023-08-23,294264,False,https://kennedy-west.com/,0.5341236295325044,0.9654976431382948,0,-7.627942980724254,0,0.4004498163160871,0.16205817324587135,0.8486693099705346,0.15934241189260434,0.10019795904533091,164.946446602911
125,wait,Angela Bell,hear,909dfb1a-367b-4335-8a7a-eff351477efb,67f5b29d-0c40-4670-ab26-09211165ed3f,63,2020-03-09,175666,False,http://www.manning.biz/,0.9069288625867683,0.2524783904929726,3,-4.280773076492611,0,0.07864708748285987,0.19969773144468084,0.6780888719954488,0.9959694110954168,0.3302936234873388,75.9587767602808
126,which,David Davis,eight,f4ea1ac3-ab7f-4b1b-af07-7db4e16bb094,37c6dabd-c213-40b4-a1d8-6f173d2df196,50,2021-02-20,163261,False,https://byrd.org/,0.5918927756279109,0.8617229646275132,8,-4.251880698213549,1,0.8705244161954117,0.6046634475767503,0.4381728249400777,0.4668151177373506,0.47240390703488067,163.23438973525452
127,realize,Shannon Owens,painting,65992dde-a460-45b5-a68a-291181799279,8104ede5-08e3-4604-92ab-08eedb01ce5c,82,2023-01-22,291711,False,http://www.pratt-moore.org/,0.6629997568361613,0.11408714072492454,5,-0.07307956373102442,1,0.7458048264646029,0.8730019200593472,0.12623002430225427,0.8790756636004186,0.6811919865814302,74.23598007423307
128,activity,Jill Brown,best,eefdaf74-8d36-4915-bdd2-5c49a5d4a2f4,4b876659-f7d5-41f5-9509-ee69045a26b7,58,2020-07-01,153868,True,http://www.moss.org/,0.08394746216200022,0.06534343511393248,9,-7.047692461167307,0,0.22157205889425136,0.052179803261004576,0.23599538042035229,0.497370273047509,0.13746703419969553,179.14161312931043
129,rock,Michael Mckinney,pretty,ea74ad34-dd86-43b6-9384-68a5db718f14,364538df-03c2-4bae-b230-a495be9adc5f,18,2020-10-15,174448,True,https://www.wilson-jarvis.org/,0.42861276966109485,0.491746560291068,7,-0.2205551542313735,0,0.7791178686032646,0.480590655461825,0.645162875699464,0.09004909504378433,0.9645187672253889,107.1670358140849
130,ability,Natalie Thomas,important,41ce10e7-fd59-4457-9097-1139759c3208,d555a9ea-4a88-4ebb-b88c-1299f2b79615,33,2022-01-31,211965,False,http://mueller-davis.info/,0.86685135559513,0.5770211564708181,10,-3.4177018407131934,1,0.07637937747302115,0.3712121066044326,0.3621505825434207,0.39324218411329726,0.9779107118330872,75.28165047871303
131,after,Beth Medina,family,9e5f7929-30bb-4a35-b8d3-04bc33f1cfd8,ec4f31fa-134f-4455-81f0-e3440301d17b,17,2023-05-12,193597,True,https://carr.com/,0.18172902651343215,0.6864510182560166,7,-7.255196198217723,1,0.6332246669681865,0.9342935539974997,0.9494671118799197,0.45723064218973086,0.15794107621094167,177.4469252431603
132,guy,Margaret Patel,mind,dd5c8b3a-8e7b-4568-a92c-b1e3e5cdf114,7b68f040-45af-48af-a10b-58585b5afa16,31,2021-05-27,256539,False,https://oconnor.info/,0.2601563139193047,0.15172700695095642,0,-4.340709830443011,1,0.5306048207726483,0.7114009771190007,0.03238532397966698,0.2407286406691701,0.6528927977012998,160.17859340024586
133,allow,Margaret Richard,explain,c3c462f3-2bf4-446a-baf9-804887c5393b,1e3b6adb-a906-4e21-bf61-ad05dc2f31fb,95,2023-07-19,277307,True,http://www.lewis.com/,0.32735266694173426,0.8111420762750475,3,-3.142005072659879,0,0.19390370626690034,0.5159093875524852,0.1534381633927081,0.5833441119856766,0.8806474572300882,150.74152978307185
134,writer,James Smith,eat,8635512c-fdcf-44a9-b31a-1410c753c9fc,5bf8f090-d66f-4241-90f2-a6ccc183a72d,71,2022-12-04,276185,True,https://villa.com/,0.45469932501648214,0.9491256423580312,4,-2.553311588346748,1,0.7762282293243353,0.1246777719636486,0.44992256871479397,0.04865813292965593,0.47569964436775825,177.41888192149668
135,especially,Wesley Potts,ahead,840aa6c8-7d6f-4faa-a8eb-15f96370a209,1432e0af-9cf0-4cc1-bdbb-ba8c902f75ba,68,2020-11-23,206032,False,https://www.diaz-martin.com/,0.33750054807387064,0.08518090839623005,8,-9.50955749224,1,0.35109973495736047,0.0838751253717901,0.3709645075501008,0.28135633837352836,0.6505386918742654,115.5604681433736
136,ago,Steven Griffin,say,f2bf0f01-63fa-48eb-b01a-faff4ee0ec76,a9b214df-602d-4ada-965e-180d8c62c515,33,2022-12-23,255130,False,http://www.ford.com/,0.8796399860018954,0.24819095521011614,2,-3.9359350692352546,0,0.9582233489971503,0.1603123342453785,0.4439392891756033,0.5975187710101862,0.7559110594087395,146.29127700130226
137,center,Steve Pena,truth,3d91b417-3aac-4ec5-8aef-83d63f198306,7eda804c-4dc5-4752-b6f2-d5a03722706e,95,2023-10-24,165370,False,http://www.collier.org/,0.278256615638806,0.5580730346176285,4,-5.032727134761297,0,0.6454429761695638,0.44931922037382577,0.0768854288303984,0.8428496469129624,0.28724503756439457,110.8953635680082
138,performance,Samantha Johnson,its,929c6b8f-9541-44d3-acdb-59421032e999,602c6dc2-8f4a-44ca-99c0-7df5e7a0f188,74,2021-03-03,193158,False,https://www.collins.biz/,0.9512041198605617,0.41617402141032844,7,-0.9584470910627463,1,0.1476898359974388,0.5133527379285443,0.13769510782852679,0.6725206037654493,0.28541534130199187,105.51317616405525
139,occur,Christopher Phillips,turn,d879c6a0-95e5-424e-b097-ac3c30ff7052,e3b0d05e-feec-4801-bb1d-407fd216738a,54,2023-10-01,249345,True,https://www.glover-richards.com/,0.42156482675873874,0.5961268454100253,11,-7.138058485408055,0,0.10280452777776283,0.8310467186381858,0.36694994865383235,0.28574838144101755,0.05916258624149073,87.55968801454785
140,risk,Kerry Martinez,chair,099de70b-709c-46d7-bcde-d022d05ccd3a,527de321-163a-4558-91e0-b75b4a041511,74,2021-04-26,150565,False,http://www.murphy-fisher.com/,0.8349109149121212,0.6184183524972732,7,-2.0113988049240126,0,0.25596822200172986,0.09171356965909339,0.31438544131488155,0.008177405947240923,0.7687249935378188,115.27503342583155
141,agree,Robert Nelson,often,77c462d7-f7a9-48d1-8e34-b096746a0bac,2a456d30-4e31-408f-b576-268508be6921,51,2022-12-03,252346,True,http://martin-wyatt.net/,0.4703068362130469,0.7756935396982173,1,-3.92935001835734,0,0.1734990224420948,0.9105049537274092,0.27868976629981135,0.10749708437120742,0.6522987304190796,78.61456478445207
142,role,Samantha Harris,second,fea7538d-a351-4a13-8855-d9845e67766c,afa5440c-eac8-4449-b5c4-056e5a92d433,46,2020-10-13,219521,False,https://www.obrien-boone.com/,0.7490242610828507,0.38037802614654936,0,-6.476790441646835,1,0.15286978900592985,0.8167032558555005,0.9605200522649929,0.13393494399231465,0.232220199221017,82.61765414840909
143,record,Michael Arnold,PM,ff4eb2ec-5c1e-470a-8fba-666c6457acd2,62ec14a7-1414-4fb9-9860-435e442bdea4,28,2020-03-20,269277,True,http://www.jordan.org/,0.05208560824325548,0.9085043776238039,10,-3.6338212199410815,1,0.7591523800455705,0.8846297737180074,0.02591334086414321,0.26447289979091326,0.7386865222686355,165.02498095484728
144,little,Kimberly Adams,scene,c0de144e-8c92-4ae5-92b3-9e88f0580e77,4ab63135-cc18-4e90-9401-890ce2ef8c22,17,2022-03-27,224776,False,http://www.haynes.com/,0.951919692381921,0.2973531325173874,9,-3.7910883686969585,1,0.07535327357907684,0.9304719271262749,0.1860480494725999,0.365777639775401,0.8503331015755935,151.85879151181396
145,choose,Javier Randolph,write,8a36c007-7bbe-411a-8d34-d8f343ae76ec,6c6a36e6-2d7e-470c-8f7f-c3c3f68d53b1,65,2020-03-13,260888,True,http://www.mccoy.biz/,0.22422216571974818,0.5885251387211029,3,-3.2223554137664054,1,0.9512921405795819,0.4148969058190054,0.517745274208392,0.4032540721143585,0.037298246571643046,63.866077789197725
146,be,Laura Johns,method,6fd9cfa6-7c33-4391-ba97-ef3f5ae8d659,187b8d4a-0e7c-4623-bf3e-bc3ed861d431,63,2021-08-04,295691,True,https://www.jackson-pham.biz/,0.06861837045276942,0.4288298361404258,11,-2.79071623329291,1,0.6279487721183674,0.3964539654702478,0.9135425058131866,0.04524239451126466,0.921470881812757,139.22372229627425
147,in,Stacy Tapia,health,afac340c-75a4-4f74-8923-637c997d96dd,52286a35-07a9-421c-8875-fbeea0f85044,11,2020-09-23,277577,False,https://www.bowers.com/,0.9572856027763683,0.5686294706242332,2,-3.408184596832463,1,0.46395306851301954,0.37396148767902004,0.1177609954906752,0.0511576873830083,0.41788498224500537,133.7907848650695
148,various,Ryan Parker,animal,29b0a4fa-13fa-49d3-a3f1-f2bea1d9b7be,1295f64b-0ea0-4b7c-a4e0-be7e5724863b,96,2020-06-23,190579,False,http://marsh.com/,0.04025813754076657,0.060230304372540844,4,-1.6166288303748342,0,0.5637354832878496,0.386166118044595,0.7749644835314882,0.5618168651659436,0.8376048890932553,172.3485516462534
149,firm,Cynthia Obrien,foreign,1ce8795f-8927-4af3-927e-0e8bb6467002,d4c97983-7e67-4599-93c6-326e379d15f0,6,2020-01-06,199780,True,https://www.richardson.org/,0.031029998880712117,0.9601087774342991,8,-3.717518963131017,0,0.5794680897064898,0.08160543721104163,0.7040378112068258,0.36252377594428453,0.9339226105782003,166.68496103493493
150,teach,Kathryn Wallace,century,e1d25f65-cc64-4ca6-8393-8610735da233,72678923-be17-4134-89ae-a0207d722daa,14,2020-10-26,227780,False,https://bean.com/,0.247283303732877,0.09923357477478822,0,-0.9659629592703212,0,0.6811334783148337,0.22453875860711592,0.21457042542371974,0.28860169703909566,0.03633984921255551,88.87995529718543
