﻿"Cube Title","Product Id","CANSIM Id",URL,"Cube Notes","Archive Status",Frequency,"Start Reference Period","End Reference Period","Total number of dimensions"
"Time spent watching VCR movies and playing computer games, per week, by students in selected countries",13100193,110-0007,"https://www150.statcan.gc.ca/t1/tbl1/en/tv.action?pid=1310019301",,"ARCHIVED -  a cube publicly available but no longer being updated","Every 4 years",1990-01-01,1998-01-01,5

"Dimension ID","Dimension name","Dimension Notes","Dimension Definitions"
1,Geography,,
2,Sex,,
3,"Age group",,
4,Activity,,
5,"Time spent",,

"Dimension ID","Member Name","Classification Code","Member ID","Parent Member ID",Terminated,"Member Notes","Member Definitions"
1,Austria,,1,,,,
1,Belgium,,2,,t,,
1,"Belgium (Flemish speaking)",,3,,,,
1,"Belgium (French speaking)",,4,,,,
1,Canada,,5,,,,
1,"Czech Republic",,6,,,,
1,Denmark,,7,,,,
1,Estonia,,8,,,,
1,Finland,,9,,,,
1,France,,10,,,,
1,Germany,,11,,,,
1,Greece,,12,,,,
1,Greenland,,13,,,,
1,Hungary,,14,,,,
1,Ireland,,15,,,,
1,Israel,,16,,,,
1,Latvia,,17,,,,
1,Lithuania,,18,,,,
1,"Northern Ireland",,19,,,,
1,Norway,,20,,,,
1,Poland,,21,,,,
1,Portugal,,22,,,,
1,Russia,,23,,,,
1,Scotland,,24,,,,
1,Slovakia,,25,,,,
1,Spain,,26,,,,
1,Sweden,,27,,,,
1,Switzerland,,28,,,,
1,"United States",,29,,,,
1,Wales,,30,,,,
2,Males,,1,,,,
2,Females,,2,,,,
3,"11 years",,1,,,,
3,"13 years",,2,,,,
3,"15 years",,3,,,,
4,"Watch VCR movies",,1,,,1,
4,"Play computer games",,2,,,2,
5,"Not at all",,1,,,,
5,"Less than 1 hour",,2,,,,
5,"1 to 3 hours",,3,,,,
5,"4 to 6 hours",,4,,,,
5,"7 to 9 hours",,5,,,,
5,"10 hours or more",,6,,,,

Symbol Legend
Description,Symbol
"not available for a specific reference period",..
"less than the limit of detection",<LOD
"value rounded to 0 (zero) where there is a meaningful distinction between true zero and the value that was rounded",0s
"data quality: excellent",A
"data quality: very good",B
"data quality: good",C
"data quality: acceptable",D
"use with caution",E
"too unreliable to be published.",F
"not applicable",...
preliminary,p
revised,r
"suppressed to meet the confidentiality requirements of the Statistics Act",x
terminated,t

"Survey Code","Survey Name"
7509,"Public Health Agency of Canada"

"Subject Code","Subject Name"
13,Health

"Note ID",Note
1,"In 1998, figures are not available for Austria, Belgium(Flemish speaking), Belgium (French speaking), Czech Republic, Denmark, Estonia, Finland, France, Germany, Greece, Greenland, Hungary, Ireland, Israel, Latvia, Northern Ireland, Norway, Poland, Portugal, Russia, Scotland, Slovakia, Spain, Sweden, Switzerland, United States and Wales."
2,"In 1998, figures are not available for Spain."

"Correction ID","Correction Date","Correction Note"

